iHo61WC68Ro\tTHEY BURST DOWN THE TWINS' HOUSE FOREVER (IT BURSTS DOWN)\thttps://www.youtube.com/watch?v=iHo61WC68Ro\tJaviOliveira - Videos\tNA		https://www.youtube.com/watch?v=iHo61WC68Ro\tTHEY BURST DOWN THE TWINS' HOUSE FOREVER (IT BURSTS DOWN)\thttps://www.youtube.com/watch?v=iHo61WC68Ro\tJaviOliveira - Videos\tNA		
T9VXH_TsWYs\tüí• ¬°CAREO! üí• SILVIA CHARRO MIENTE EN TELEVISI√ìN PARA DEFENDER A SIM√ìN Y LE PARO LOS PIES‚Ä¶\thttps://www.youtube.com/watch?v=T9VXH_TsWYs\tJaviOliveira - Videos\tNA		https://www.youtube.com/watch?v=T9VXH_TsWYs\tüí• ¬°CAREO! üí• SILVIA CHARRO MIENTE EN TELEVISI√ìN PARA DEFENDER A SIM√ìN Y LE PARO LOS PIES‚Ä¶\thttps://www.youtube.com/watch?v=T9VXH_TsWYs\tJaviOliveira - Videos\tNA		
b5QDVEWTDQM\tREGRETTABLE! TRUMP WANTS TO SAVE DIDDY FROM JAIL\thttps://www.youtube.com/watch?v=b5QDVEWTDQM\tJaviOliveira - Videos\tNA		https://www.youtube.com/watch?v=b5QDVEWTDQM\tREGRETTABLE! TRUMP WANTS TO SAVE DIDDY FROM JAIL\thttps://www.youtube.com/watch?v=b5QDVEWTDQM\tJaviOliveira - Videos\tNA		
qJ0CuzLPX8w\tTHIS COULD BE THE END FOR FRANK CUESTA.\thttps://www.youtube.com/watch?v=qJ0CuzLPX8w\tJaviOliveira - Videos\tNA		https://www.youtube.com/watch?v=qJ0CuzLPX8w\tTHIS COULD BE THE END FOR FRANK CUESTA.\thttps://www.youtube.com/watch?v=qJ0CuzLPX8w\tJaviOliveira - Videos\tNA		
VxhsUpnYhB0\tZORRO REMOVES CHI'S MASK (FRANK CUESTA'S TRAITOR)\thttps://www.youtube.com/watch?v=VxhsUpnYhB0\tJaviOliveira - Videos\tNA		https://www.youtube.com/watch?v=VxhsUpnYhB0\tZORRO REMOVES CHI'S MASK (FRANK CUESTA'S TRAITOR)\thttps://www.youtube.com/watch?v=VxhsUpnYhB0\tJaviOliveira - Videos\tNA		
I4tiDA3V8bo\tNO ONE TELLS YOU THE TRUTH ABOUT HAILEY BIEBER, THE WOMAN WHO HAS BEEN OBSESSED WITH JUSTIN SINCE...\thttps://www.youtube.com/watch?v=I4tiDA3V8bo\tJaviOliveira - Videos\tNA		https://www.youtube.com/watch?v=I4tiDA3V8bo\tNO ONE TELLS YOU THE TRUTH ABOUT HAILEY BIEBER, THE WOMAN WHO HAS BEEN OBSESSED WITH JUSTIN SINCE...\thttps://www.youtube.com/watch?v=I4tiDA3V8bo\tJaviOliveira - Videos\tNA		
JGGk6e8gEDE\t"TV RUINED MY LIFE": The rise and fall of BORJA CAPPONI, dog trainer for MALAS PULGAS.\thttps://www.youtube.com/watch?v=JGGk6e8gEDE\tJaviOliveira - Videos\tNA		https://www.youtube.com/watch?v=JGGk6e8gEDE\t"TV RUINED MY LIFE": The rise and fall of BORJA CAPPONI, dog trainer for MALAS PULGAS.\thttps://www.youtube.com/watch?v=JGGk6e8gEDE\tJaviOliveira - Videos\tNA		
S2lS-EpuYMc\tthis could be a farewell.\thttps://www.youtube.com/watch?v=S2lS-EpuYMc\tJaviOliveira - Videos\tNA		https://www.youtube.com/watch?v=S2lS-EpuYMc\tthis could be a farewell.\thttps://www.youtube.com/watch?v=S2lS-EpuYMc\tJaviOliveira - Videos\tNA		
3VXY7NgBmW4\tTHE WORST ENDING I EVER IMAGINED FOR AURON\thttps://www.youtube.com/watch?v=3VXY7NgBmW4\tJaviOliveira - Videos\tNA		https://www.youtube.com/watch?v=3VXY7NgBmW4\tTHE WORST ENDING I EVER IMAGINED FOR AURON\thttps://www.youtube.com/watch?v=3VXY7NgBmW4\tJaviOliveira - Videos\tNA		
0Nyu0x5StK0\tNUNCA TE F√çES DE UN ALIADE: I√ëIGO ERREJ√ìN (part 1)\thttps://www.youtube.com/watch?v=0Nyu0x5StK0\tJaviOliveira - Videos\tNA		https://www.youtube.com/watch?v=0Nyu0x5StK0\tNUNCA TE F√çES DE UN ALIADE: I√ëIGO ERREJ√ìN (part 1)\thttps://www.youtube.com/watch?v=0Nyu0x5StK0\tJaviOliveira - Videos\tNA		
ClPvBMTVGRs\tThe final dart: The infinite future in Thailand prison for Daniel Sancho.\thttps://www.youtube.com/watch?v=ClPvBMTVGRs\tJaviOliveira - Videos\tNA		https://www.youtube.com/watch?v=ClPvBMTVGRs\tThe final dart: The infinite future in Thailand prison for Daniel Sancho.\thttps://www.youtube.com/watch?v=ClPvBMTVGRs\tJaviOliveira - Videos\tNA		
7ZwbLY1HPZg\tTHE WHOLE TRUTH BEHIND JUAN DE DIOS PANTOJA'S INFIDELITY WITH KIMBERLY LOAIZA\thttps://www.youtube.com/watch?v=7ZwbLY1HPZg\tJaviOliveira - Videos\tNA		https://www.youtube.com/watch?v=7ZwbLY1HPZg\tTHE WHOLE TRUTH BEHIND JUAN DE DIOS PANTOJA'S INFIDELITY WITH KIMBERLY LOAIZA\thttps://www.youtube.com/watch?v=7ZwbLY1HPZg\tJaviOliveira - Videos\tNA		
HlTbMFKd9LI\tAGUST√çN51 DENIES BEING LIKE ABBY ü§≠\thttps://www.youtube.com/watch?v=HlTbMFKd9LI\tJaviOliveira - Videos\tNA		https://www.youtube.com/watch?v=HlTbMFKd9LI\tAGUST√çN51 DENIES BEING LIKE ABBY ü§≠\thttps://www.youtube.com/watch?v=HlTbMFKd9LI\tJaviOliveira - Videos\tNA		
rv0eIGUJ7Fk\tAlbert Domenech tells his TERRIBLE STORY of what happened in Malaga with Antonio David Flores üò∞\thttps://www.youtube.com/watch?v=rv0eIGUJ7Fk\tJaviOliveira - Videos\tNA		https://www.youtube.com/watch?v=rv0eIGUJ7Fk\tAlbert Domenech tells his TERRIBLE STORY of what happened in Malaga with Antonio David Flores üò∞\thttps://www.youtube.com/watch?v=rv0eIGUJ7Fk\tJaviOliveira - Videos\tNA		
9h6Y5g3NWBw\tBel√©n Esteban: The Eternal VICTIM of Telecinco (Docuseries Part 1)\thttps://www.youtube.com/watch?v=9h6Y5g3NWBw\tJaviOliveira - Videos\tNA		https://www.youtube.com/watch?v=9h6Y5g3NWBw\tBel√©n Esteban: The Eternal VICTIM of Telecinco (Docuseries Part 1)\thttps://www.youtube.com/watch?v=9h6Y5g3NWBw\tJaviOliveira - Videos\tNA		
mI8Nk24VKMA\tJACKY FUNADO BY ARI GAMEPLAYS üî•üî•üî•\thttps://www.youtube.com/watch?v=mI8Nk24VKMA\tJaviOliveira - Videos\tNA		https://www.youtube.com/watch?v=mI8Nk24VKMA\tJACKY FUNADO BY ARI GAMEPLAYS üî•üî•üî•\thttps://www.youtube.com/watch?v=mI8Nk24VKMA\tJaviOliveira - Videos\tNA		
jLEwbG1xOqQ\tENRIQUE DEL POZO, SHUT UP!\thttps://www.youtube.com/watch?v=jLEwbG1xOqQ\tJaviOliveira - Videos\tNA		https://www.youtube.com/watch?v=jLEwbG1xOqQ\tENRIQUE DEL POZO, SHUT UP!\thttps://www.youtube.com/watch?v=jLEwbG1xOqQ\tJaviOliveira - Videos\tNA		
y_FO0XMC4-k\tJOAN PLANAS, the repressed FEMINIST: GAME OVER.\thttps://www.youtube.com/watch?v=y_FO0XMC4-k\tJaviOliveira - Videos\tNA		https://www.youtube.com/watch?v=y_FO0XMC4-k\tJOAN PLANAS, the repressed FEMINIST: GAME OVER.\thttps://www.youtube.com/watch?v=y_FO0XMC4-k\tJaviOliveira - Videos\tNA		
cP-CHdkUJ98\tMIARE, How will you get out of this?\thttps://www.youtube.com/watch?v=cP-CHdkUJ98\tJaviOliveira - Videos\tNA		https://www.youtube.com/watch?v=cP-CHdkUJ98\tMIARE, How will you get out of this?\thttps://www.youtube.com/watch?v=cP-CHdkUJ98\tJaviOliveira - Videos\tNA		
jTN4nW1ifhY\tTHE BIGGEST YOUTUBE SCAM: GAME OVER.\thttps://www.youtube.com/watch?v=jTN4nW1ifhY\tJaviOliveira - Videos\tNA		https://www.youtube.com/watch?v=jTN4nW1ifhY\tTHE BIGGEST YOUTUBE SCAM: GAME OVER.\thttps://www.youtube.com/watch?v=jTN4nW1ifhY\tJaviOliveira - Videos\tNA		
