b5QDVEWTDQM\t¬°LAMENTABLE! TRUMP QUIERE SALVAR A DIDDY DE¬†LA¬†C√ÅRCEL\thttps://www.youtube.com/watch?v=b5QDVEWTDQM\tJaviOliveira - Videos\tNA		https://www.youtube.com/watch?v=b5QDVEWTDQM\t¬°LAMENTABLE! TRUMP QUIERE SALVAR A DIDDY DE¬†LA¬†C√ÅRCEL\thttps://www.youtube.com/watch?v=b5QDVEWTDQM\tJaviOliveira - Videos\tNA		
qJ0CuzLPX8w\tESTE PODR√çA SER EL FINAL DE FRANK¬†CUESTA.\thttps://www.youtube.com/watch?v=qJ0CuzLPX8w\tJaviOliveira - Videos\tNA		https://www.youtube.com/watch?v=qJ0CuzLPX8w\tESTE PODR√çA SER EL FINAL DE FRANK¬†CUESTA.\thttps://www.youtube.com/watch?v=qJ0CuzLPX8w\tJaviOliveira - Videos\tNA		
VxhsUpnYhB0\tZORRO LE QUITA LA M√ÅSCARA A CHI (EL TRAIDOR DE FRANK CUESTA)\thttps://www.youtube.com/watch?v=VxhsUpnYhB0\tJaviOliveira - Videos\tNA		https://www.youtube.com/watch?v=VxhsUpnYhB0\tZORRO LE QUITA LA M√ÅSCARA A CHI (EL TRAIDOR DE FRANK CUESTA)\thttps://www.youtube.com/watch?v=VxhsUpnYhB0\tJaviOliveira - Videos\tNA		
I4tiDA3V8bo\tNADIE TE DICE LA VERDAD SOBRE HAILEY BIEBER, LA MUJER OBSESIONADA CON JUSTIN DESDE PEQUE√ëA.\thttps://www.youtube.com/watch?v=I4tiDA3V8bo\tJaviOliveira - Videos\tNA		https://www.youtube.com/watch?v=I4tiDA3V8bo\tNADIE TE DICE LA VERDAD SOBRE HAILEY BIEBER, LA MUJER OBSESIONADA CON JUSTIN DESDE PEQUE√ëA.\thttps://www.youtube.com/watch?v=I4tiDA3V8bo\tJaviOliveira - Videos\tNA		
JGGk6e8gEDE\t"LA TELE ARRUIN√ì MI VIDA": Ascenso y ca√≠da de BORJA CAPPONI, adiestrador de perros de MALAS PULGAS.\thttps://www.youtube.com/watch?v=JGGk6e8gEDE\tJaviOliveira - Videos\tNA		https://www.youtube.com/watch?v=JGGk6e8gEDE\t"LA TELE ARRUIN√ì MI VIDA": Ascenso y ca√≠da de BORJA CAPPONI, adiestrador de perros de MALAS PULGAS.\thttps://www.youtube.com/watch?v=JGGk6e8gEDE\tJaviOliveira - Videos\tNA		
S2lS-EpuYMc\testo puede ser una despedida.\thttps://www.youtube.com/watch?v=S2lS-EpuYMc\tJaviOliveira - Videos\tNA		https://www.youtube.com/watch?v=S2lS-EpuYMc\testo puede ser una despedida.\thttps://www.youtube.com/watch?v=S2lS-EpuYMc\tJaviOliveira - Videos\tNA		
3VXY7NgBmW4\tEL PEOR FINAL QUE JAM√ÅS ME IMAGIN√â PARA¬†AURON\thttps://www.youtube.com/watch?v=3VXY7NgBmW4\tJaviOliveira - Videos\tNA		https://www.youtube.com/watch?v=3VXY7NgBmW4\tEL PEOR FINAL QUE JAM√ÅS ME IMAGIN√â PARA¬†AURON\thttps://www.youtube.com/watch?v=3VXY7NgBmW4\tJaviOliveira - Videos\tNA		
0Nyu0x5StK0\tNUNCA TE F√çES DE UN ALIADE: I√ëIGO ERREJ√ìN (parte 1)\thttps://www.youtube.com/watch?v=0Nyu0x5StK0\tJaviOliveira - Videos\tNA		https://www.youtube.com/watch?v=0Nyu0x5StK0\tNUNCA TE F√çES DE UN ALIADE: I√ëIGO ERREJ√ìN (parte 1)\thttps://www.youtube.com/watch?v=0Nyu0x5StK0\tJaviOliveira - Videos\tNA		
ClPvBMTVGRs\tEl dardo definitivo: El infinito futuro en la c√°rcel de Tailandia para¬†Daniel¬†Sancho.\thttps://www.youtube.com/watch?v=ClPvBMTVGRs\tJaviOliveira - Videos\tNA		https://www.youtube.com/watch?v=ClPvBMTVGRs\tEl dardo definitivo: El infinito futuro en la c√°rcel de Tailandia para¬†Daniel¬†Sancho.\thttps://www.youtube.com/watch?v=ClPvBMTVGRs\tJaviOliveira - Videos\tNA		
7ZwbLY1HPZg\tTODA LA VERDAD TRAS LA INFIDELIDAD DE JUAN DE DIOS PANTOJA A KIMBERLY¬†LOAIZA\thttps://www.youtube.com/watch?v=7ZwbLY1HPZg\tJaviOliveira - Videos\tNA		https://www.youtube.com/watch?v=7ZwbLY1HPZg\tTODA LA VERDAD TRAS LA INFIDELIDAD DE JUAN DE DIOS PANTOJA A KIMBERLY¬†LOAIZA\thttps://www.youtube.com/watch?v=7ZwbLY1HPZg\tJaviOliveira - Videos\tNA		
HlTbMFKd9LI\tAGUST√çN51 NIEGA SER COMO ABBY ü§≠\thttps://www.youtube.com/watch?v=HlTbMFKd9LI\tJaviOliveira - Videos\tNA		https://www.youtube.com/watch?v=HlTbMFKd9LI\tAGUST√çN51 NIEGA SER COMO ABBY ü§≠\thttps://www.youtube.com/watch?v=HlTbMFKd9LI\tJaviOliveira - Videos\tNA		
rv0eIGUJ7Fk\tAlbert Domenech cuenta su TERRIBLE RELATO de lo que pas√≥ en M√°laga con Antonio David Flores üò∞\thttps://www.youtube.com/watch?v=rv0eIGUJ7Fk\tJaviOliveira - Videos\tNA		https://www.youtube.com/watch?v=rv0eIGUJ7Fk\tAlbert Domenech cuenta su TERRIBLE RELATO de lo que pas√≥ en M√°laga con Antonio David Flores üò∞\thttps://www.youtube.com/watch?v=rv0eIGUJ7Fk\tJaviOliveira - Videos\tNA		
9h6Y5g3NWBw\tBel√©n Esteban: La eterna V√çCTIMA de Telecinco (Docuserie Parte 1)\thttps://www.youtube.com/watch?v=9h6Y5g3NWBw\tJaviOliveira - Videos\tNA		https://www.youtube.com/watch?v=9h6Y5g3NWBw\tBel√©n Esteban: La eterna V√çCTIMA de Telecinco (Docuserie Parte 1)\thttps://www.youtube.com/watch?v=9h6Y5g3NWBw\tJaviOliveira - Videos\tNA		
mI8Nk24VKMA\tJACKY FUNADO POR ARI GAMEPLAYS üî•üî•üî•\thttps://www.youtube.com/watch?v=mI8Nk24VKMA\tJaviOliveira - Videos\tNA		https://www.youtube.com/watch?v=mI8Nk24VKMA\tJACKY FUNADO POR ARI GAMEPLAYS üî•üî•üî•\thttps://www.youtube.com/watch?v=mI8Nk24VKMA\tJaviOliveira - Videos\tNA		
jLEwbG1xOqQ\tENRIQUE DEL POZO, ¬°C√ÅLLATE!\thttps://www.youtube.com/watch?v=jLEwbG1xOqQ\tJaviOliveira - Videos\tNA		https://www.youtube.com/watch?v=jLEwbG1xOqQ\tENRIQUE DEL POZO, ¬°C√ÅLLATE!\thttps://www.youtube.com/watch?v=jLEwbG1xOqQ\tJaviOliveira - Videos\tNA		
y_FO0XMC4-k\tJOAN PLANAS, el FEMINISTA reprimido: GAME OVER.\thttps://www.youtube.com/watch?v=y_FO0XMC4-k\tJaviOliveira - Videos\tNA		https://www.youtube.com/watch?v=y_FO0XMC4-k\tJOAN PLANAS, el FEMINISTA reprimido: GAME OVER.\thttps://www.youtube.com/watch?v=y_FO0XMC4-k\tJaviOliveira - Videos\tNA		
cP-CHdkUJ98\tMIARE, ¬øC√≥mo saldr√°s de √©sta?\thttps://www.youtube.com/watch?v=cP-CHdkUJ98\tJaviOliveira - Videos\tNA		https://www.youtube.com/watch?v=cP-CHdkUJ98\tMIARE, ¬øC√≥mo saldr√°s de √©sta?\thttps://www.youtube.com/watch?v=cP-CHdkUJ98\tJaviOliveira - Videos\tNA		
jTN4nW1ifhY\tLA MAYOR ESTAFA DE YOUTUBE: GAME OVER.\thttps://www.youtube.com/watch?v=jTN4nW1ifhY\tJaviOliveira - Videos\tNA		https://www.youtube.com/watch?v=jTN4nW1ifhY\tLA MAYOR ESTAFA DE YOUTUBE: GAME OVER.\thttps://www.youtube.com/watch?v=jTN4nW1ifhY\tJaviOliveira - Videos\tNA		
