4v7s1TphlKg\tIMPACTANTE DENUNCIA DE DALAS POR LIZY P\thttps://www.youtube.com/watch?v=4v7s1TphlKg\tLa Salsería - Videos\tNA		https://www.youtube.com/watch?v=4v7s1TphlKg\tIMPACTANTE DENUNCIA DE DALAS POR LIZY P\thttps://www.youtube.com/watch?v=4v7s1TphlKg\tLa Salsería - Videos\tNA		
D9CidOaiKYA\tTODA LA VERDAD SOBRE ARI GAMEPLAYS Y RIVERS\thttps://www.youtube.com/watch?v=D9CidOaiKYA\tLa Salsería - Videos\tNA		https://www.youtube.com/watch?v=D9CidOaiKYA\tTODA LA VERDAD SOBRE ARI GAMEPLAYS Y RIVERS\thttps://www.youtube.com/watch?v=D9CidOaiKYA\tLa Salsería - Videos\tNA		
qRCAELYYbtU\tDALAS RETA A DEBATE A GREENFITS Y NO TE ESPERAS EL FINAL\thttps://www.youtube.com/watch?v=qRCAELYYbtU\tLa Salsería - Videos\tNA		https://www.youtube.com/watch?v=qRCAELYYbtU\tDALAS RETA A DEBATE A GREENFITS Y NO TE ESPERAS EL FINAL\thttps://www.youtube.com/watch?v=qRCAELYYbtU\tLa Salsería - Videos\tNA		
MpNZwAZm3RA\tDEBATO CON GUIBELCITOS Y ME LLEVO UNA SORPRESA\thttps://www.youtube.com/watch?v=MpNZwAZm3RA\tLa Salsería - Videos\tNA		https://www.youtube.com/watch?v=MpNZwAZm3RA\tDEBATO CON GUIBELCITOS Y ME LLEVO UNA SORPRESA\thttps://www.youtube.com/watch?v=MpNZwAZm3RA\tLa Salsería - Videos\tNA		
fSv4rhUtqM0\tTRISTE FINAL PARA GUIBEL Y SU DENUNCIA\thttps://www.youtube.com/watch?v=fSv4rhUtqM0\tLa Salsería - Videos\tNA		https://www.youtube.com/watch?v=fSv4rhUtqM0\tTRISTE FINAL PARA GUIBEL Y SU DENUNCIA\thttps://www.youtube.com/watch?v=fSv4rhUtqM0\tLa Salsería - Videos\tNA		
MmGllhc2PPg\tGUIBEL SE PONE LOS HUEVOS Y HACE GAME OVER A JAVI OLIVEIRA\thttps://www.youtube.com/watch?v=MmGllhc2PPg\tLa Salsería - Videos\tNA		https://www.youtube.com/watch?v=MmGllhc2PPg\tGUIBEL SE PONE LOS HUEVOS Y HACE GAME OVER A JAVI OLIVEIRA\thttps://www.youtube.com/watch?v=MmGllhc2PPg\tLa Salsería - Videos\tNA		
Unyuz6OgN3I\tCELL SE HARTA DE JAVI OLIVEIRA Y LE CORTA LAS ALAS\thttps://www.youtube.com/watch?v=Unyuz6OgN3I\tLa Salsería - Videos\tNA		https://www.youtube.com/watch?v=Unyuz6OgN3I\tCELL SE HARTA DE JAVI OLIVEIRA Y LE CORTA LAS ALAS\thttps://www.youtube.com/watch?v=Unyuz6OgN3I\tLa Salsería - Videos\tNA		
xA1hNoh6SqQ\tSIMÓN PONE PRECIO A SU MUERTE Y SILVIA NOS VACILA\thttps://www.youtube.com/watch?v=xA1hNoh6SqQ\tLa Salsería - Videos\tNA		https://www.youtube.com/watch?v=xA1hNoh6SqQ\tSIMÓN PONE PRECIO A SU MUERTE Y SILVIA NOS VACILA\thttps://www.youtube.com/watch?v=xA1hNoh6SqQ\tLa Salsería - Videos\tNA		
fqChUNCQ4eI\tARI GAMEPLAYS Y RIVERS SE VAN A VIVIR JUNTAS\thttps://www.youtube.com/watch?v=fqChUNCQ4eI\tLa Salsería - Videos\tNA		https://www.youtube.com/watch?v=fqChUNCQ4eI\tARI GAMEPLAYS Y RIVERS SE VAN A VIVIR JUNTAS\thttps://www.youtube.com/watch?v=fqChUNCQ4eI\tLa Salsería - Videos\tNA		
Cz1aWdfc9fM\tKOMANCHE ME PROHÍBE JUGAR EN LOS SQUIDCRAFT GAMES\thttps://www.youtube.com/watch?v=Cz1aWdfc9fM\tLa Salsería - Videos\tNA		https://www.youtube.com/watch?v=Cz1aWdfc9fM\tKOMANCHE ME PROHÍBE JUGAR EN LOS SQUIDCRAFT GAMES\thttps://www.youtube.com/watch?v=Cz1aWdfc9fM\tLa Salsería - Videos\tNA		
0pGw4oJkym0\tEL NIÑO AL QUE RIGOBERTO INCOMODÓ EXPUESTO POR DALAS\thttps://www.youtube.com/watch?v=0pGw4oJkym0\tLa Salsería - Videos\tNA		https://www.youtube.com/watch?v=0pGw4oJkym0\tEL NIÑO AL QUE RIGOBERTO INCOMODÓ EXPUESTO POR DALAS\thttps://www.youtube.com/watch?v=0pGw4oJkym0\tLa Salsería - Videos\tNA		
9woGuCHqgkA\tHATERS LLORAN POR VERME EN TV CON SIMÓN Y SILVIA\thttps://www.youtube.com/watch?v=9woGuCHqgkA\tLa Salsería - Videos\tNA		https://www.youtube.com/watch?v=9woGuCHqgkA\tHATERS LLORAN POR VERME EN TV CON SIMÓN Y SILVIA\thttps://www.youtube.com/watch?v=9woGuCHqgkA\tLa Salsería - Videos\tNA		
2jqi8-yymeE\tTODA LA VERDAD TRAS LA PELEA DE JUAN GUARNIZO Y RIVERS\thttps://www.youtube.com/watch?v=2jqi8-yymeE\tLa Salsería - Videos\tNA		https://www.youtube.com/watch?v=2jqi8-yymeE\tTODA LA VERDAD TRAS LA PELEA DE JUAN GUARNIZO Y RIVERS\thttps://www.youtube.com/watch?v=2jqi8-yymeE\tLa Salsería - Videos\tNA		
iOHalHT7b2Y\tSilvia Charro tiene miedo de dejar a Simón porque, si lo deja solo, se muere.\thttps://www.youtube.com/watch?v=iOHalHT7b2Y\tLa Salsería - Videos\tNA		https://www.youtube.com/watch?v=iOHalHT7b2Y\tSilvia Charro tiene miedo de dejar a Simón porque, si lo deja solo, se muere.\thttps://www.youtube.com/watch?v=iOHalHT7b2Y\tLa Salsería - Videos\tNA		
WIMNB9jf1CM\tSilvia Charro: “Nunca hemos engañado por dinero a nuestros seguidores”.\thttps://www.youtube.com/watch?v=WIMNB9jf1CM\tLa Salsería - Videos\tNA		https://www.youtube.com/watch?v=WIMNB9jf1CM\tSilvia Charro: “Nunca hemos engañado por dinero a nuestros seguidores”.\thttps://www.youtube.com/watch?v=WIMNB9jf1CM\tLa Salsería - Videos\tNA		
