w2Y_0mJ-FBE\tüå∂Ô∏è 4 DE CORAZONES: ANTONIO DAVID DEMANDADO! SOSPECHAS CASO MARIO BIONDO! BEL√âN ESTEBAN ADVIERTE!\thttps://www.youtube.com/watch?v=w2Y_0mJ-FBE\tJaviOliveira - Live\twas_live		https://www.youtube.com/watch?v=w2Y_0mJ-FBE\tüå∂Ô∏è 4 DE CORAZONES: ANTONIO DAVID DEMANDADO! SOSPECHAS CASO MARIO BIONDO! BEL√âN ESTEBAN ADVIERTE!\thttps://www.youtube.com/watch?v=w2Y_0mJ-FBE\tJaviOliveira - Live\twas_live		
IJr-fZSE0ro\tüå∂Ô∏è 4 DE CORAZONES: MARTA RIESCO ACABA CON NOSOTROS! MAR√çA PATI√ëO DA OTRA FAKE NEWS!\thttps://www.youtube.com/watch?v=IJr-fZSE0ro\tJaviOliveira - Live\twas_live		https://www.youtube.com/watch?v=IJr-fZSE0ro\tüå∂Ô∏è 4 DE CORAZONES: MARTA RIESCO ACABA CON NOSOTROS! MAR√çA PATI√ëO DA OTRA FAKE NEWS!\thttps://www.youtube.com/watch?v=IJr-fZSE0ro\tJaviOliveira - Live\twas_live		
ZAM22QLDCig\tüå∂Ô∏è 4 DE CORAZONES: OLGA MORENO EN EL PUNTO DE MIRA! MAR FLORES HUMILLADA POR CARLO! TIEMBLA LEQUIO!\thttps://www.youtube.com/watch?v=ZAM22QLDCig\tJaviOliveira - Live\twas_live		https://www.youtube.com/watch?v=ZAM22QLDCig\tüå∂Ô∏è 4 DE CORAZONES: OLGA MORENO EN EL PUNTO DE MIRA! MAR FLORES HUMILLADA POR CARLO! TIEMBLA LEQUIO!\thttps://www.youtube.com/watch?v=ZAM22QLDCig\tJaviOliveira - Live\twas_live		
RlCHBsRvH44\tCHARLA CON GREEN FITS | LA JUNGLA PODCAST #08 (FT: FRANK CUESTA)\thttps://www.youtube.com/watch?v=RlCHBsRvH44\tJaviOliveira - Live\twas_live		https://www.youtube.com/watch?v=RlCHBsRvH44\tCHARLA CON GREEN FITS | LA JUNGLA PODCAST #08 (FT: FRANK CUESTA)\thttps://www.youtube.com/watch?v=RlCHBsRvH44\tJaviOliveira - Live\twas_live		
rMxShUjWn00\tüå∂Ô∏è 4 DE CORAZONES: ROC√çO FLORES PONE A TEMBLAR A TERELU! YLENIA PADILLA M√ÅS CERCA¬†DE¬†LA¬†C√ÅRCEL!\thttps://www.youtube.com/watch?v=rMxShUjWn00\tJaviOliveira - Live\twas_live		https://www.youtube.com/watch?v=rMxShUjWn00\tüå∂Ô∏è 4 DE CORAZONES: ROC√çO FLORES PONE A TEMBLAR A TERELU! YLENIA PADILLA M√ÅS CERCA¬†DE¬†LA¬†C√ÅRCEL!\thttps://www.youtube.com/watch?v=rMxShUjWn00\tJaviOliveira - Live\twas_live		
JqdDqKWOqzM\tüå∂Ô∏è 4 DE CORAZONES: ANTONIO DAVID CONTAR√Å LA VERDAD SOBRE LA PELEA DE ROC√çO FLORES Y SU MADRE\thttps://www.youtube.com/watch?v=JqdDqKWOqzM\tJaviOliveira - Live\twas_live		https://www.youtube.com/watch?v=JqdDqKWOqzM\tüå∂Ô∏è 4 DE CORAZONES: ANTONIO DAVID CONTAR√Å LA VERDAD SOBRE LA PELEA DE ROC√çO FLORES Y SU MADRE\thttps://www.youtube.com/watch?v=JqdDqKWOqzM\tJaviOliveira - Live\twas_live		
cKywp_Uwhdo\tCLAUDIA BAVEL SE DESNUDA | LA PELUQUER√çA VIP #1\thttps://www.youtube.com/watch?v=cKywp_Uwhdo\tJaviOliveira - Live\twas_live		https://www.youtube.com/watch?v=cKywp_Uwhdo\tCLAUDIA BAVEL SE DESNUDA | LA PELUQUER√çA VIP #1\thttps://www.youtube.com/watch?v=cKywp_Uwhdo\tJaviOliveira - Live\twas_live		
tq4VSDGgJIo\t¬°HAN APELADO! TREMENDA √öLTIMA HORA SOBRE DANIEL SANCHO CON TRIUN ARTS\thttps://www.youtube.com/watch?v=tq4VSDGgJIo\tJaviOliveira - Live\twas_live		https://www.youtube.com/watch?v=tq4VSDGgJIo\t¬°HAN APELADO! TREMENDA √öLTIMA HORA SOBRE DANIEL SANCHO CON TRIUN ARTS\thttps://www.youtube.com/watch?v=tq4VSDGgJIo\tJaviOliveira - Live\twas_live		
IA1mJgG5s7Y\t(V√çDEO COMPLETO) TODO SE HA SALIDO DE CONTROL: SOLO QUEDA UNA SOLUCI√ìN.\thttps://www.youtube.com/watch?v=IA1mJgG5s7Y\tJaviOliveira - Live\twas_live		https://www.youtube.com/watch?v=IA1mJgG5s7Y\t(V√çDEO COMPLETO) TODO SE HA SALIDO DE CONTROL: SOLO QUEDA UNA SOLUCI√ìN.\thttps://www.youtube.com/watch?v=IA1mJgG5s7Y\tJaviOliveira - Live\twas_live		
FcJYnpOTDAE\t¬°FRANK CUESTA GANA! NO HABR√Å C√ÅRCEL POR TENER NUTRIAS EN SU SANTUARIO: MULTA DE 800 EUROS.\thttps://www.youtube.com/watch?v=FcJYnpOTDAE\tJaviOliveira - Live\twas_live		https://www.youtube.com/watch?v=FcJYnpOTDAE\t¬°FRANK CUESTA GANA! NO HABR√Å C√ÅRCEL POR TENER NUTRIAS EN SU SANTUARIO: MULTA DE 800 EUROS.\thttps://www.youtube.com/watch?v=FcJYnpOTDAE\tJaviOliveira - Live\twas_live		
KZAfj4mD6z4\t¬øQui√©n MAT√ì a VALERIA M√ÅRQUEZ y QU√â OCULTA? | @triunarts @telemisterio7992\thttps://www.youtube.com/watch?v=KZAfj4mD6z4\tJaviOliveira - Live\twas_live		https://www.youtube.com/watch?v=KZAfj4mD6z4\t¬øQui√©n MAT√ì a VALERIA M√ÅRQUEZ y QU√â OCULTA? | @triunarts @telemisterio7992\thttps://www.youtube.com/watch?v=KZAfj4mD6z4\tJaviOliveira - Live\twas_live		
hFWfrX8ztV4\tSE HA VUELTO LOCO... FRANK CUESTA PONE PUNTO Y FINAL A CRISTINA SEGU√ç.\thttps://www.youtube.com/watch?v=hFWfrX8ztV4\tJaviOliveira - Live\twas_live		https://www.youtube.com/watch?v=hFWfrX8ztV4\tSE HA VUELTO LOCO... FRANK CUESTA PONE PUNTO Y FINAL A CRISTINA SEGU√ç.\thttps://www.youtube.com/watch?v=hFWfrX8ztV4\tJaviOliveira - Live\twas_live		
_VfVOW40-_U\tLOS PRIVILEGIOS DE MIGUEL CARCA√ëO DENTRO DE LA CARCEL (con @triunarts)\thttps://www.youtube.com/watch?v=_VfVOW40-_U\tJaviOliveira - Live\twas_live		https://www.youtube.com/watch?v=_VfVOW40-_U\tLOS PRIVILEGIOS DE MIGUEL CARCA√ëO DENTRO DE LA CARCEL (con @triunarts)\thttps://www.youtube.com/watch?v=_VfVOW40-_U\tJaviOliveira - Live\twas_live		
dvTVyEEKkOA\tLA VIUDA NEGRA: EL CRIMEN DE PATRAIX EN NETFLIX (ENTREVISTA CON EL PRODUCTOR RAM√ìN CAMPOS)\thttps://www.youtube.com/watch?v=dvTVyEEKkOA\tJaviOliveira - Live\twas_live		https://www.youtube.com/watch?v=dvTVyEEKkOA\tLA VIUDA NEGRA: EL CRIMEN DE PATRAIX EN NETFLIX (ENTREVISTA CON EL PRODUCTOR RAM√ìN CAMPOS)\thttps://www.youtube.com/watch?v=dvTVyEEKkOA\tJaviOliveira - Live\twas_live		
S0xV__MWBE8\tüî¥ FRANK CUESTA SACA PAPELES Y NUEVAS DENUNCIAS¬†PENALES\thttps://www.youtube.com/watch?v=S0xV__MWBE8\tJaviOliveira - Live\twas_live		https://www.youtube.com/watch?v=S0xV__MWBE8\tüî¥ FRANK CUESTA SACA PAPELES Y NUEVAS DENUNCIAS¬†PENALES\thttps://www.youtube.com/watch?v=S0xV__MWBE8\tJaviOliveira - Live\twas_live		
xNb3iaFWa7A\tüî¥ CAEN LAS MENTIRAS DE FRANK CUESTA Y SE RINDE ANTE CHI üò®\thttps://www.youtube.com/watch?v=xNb3iaFWa7A\tJaviOliveira - Live\twas_live		https://www.youtube.com/watch?v=xNb3iaFWa7A\tüî¥ CAEN LAS MENTIRAS DE FRANK CUESTA Y SE RINDE ANTE CHI üò®\thttps://www.youtube.com/watch?v=xNb3iaFWa7A\tJaviOliveira - Live\twas_live		
bLTQvUfHm70\tüìû LA LLAMADA COMPLETA DE FRANK CUESTA CON LA MAYOR TRAFICANTE DE ANIMALES EN TAILANDIA.\thttps://www.youtube.com/watch?v=bLTQvUfHm70\tJaviOliveira - Live\twas_live		https://www.youtube.com/watch?v=bLTQvUfHm70\tüìû LA LLAMADA COMPLETA DE FRANK CUESTA CON LA MAYOR TRAFICANTE DE ANIMALES EN TAILANDIA.\thttps://www.youtube.com/watch?v=bLTQvUfHm70\tJaviOliveira - Live\twas_live		
wAWwBXpD7HQ\tüî¥ ¬°Esto no tiene perd√≥n! LOS PEORES AUDIOS de FRANK CUESTA.\thttps://www.youtube.com/watch?v=wAWwBXpD7HQ\tJaviOliveira - Live\twas_live		https://www.youtube.com/watch?v=wAWwBXpD7HQ\tüî¥ ¬°Esto no tiene perd√≥n! LOS PEORES AUDIOS de FRANK CUESTA.\thttps://www.youtube.com/watch?v=wAWwBXpD7HQ\tJaviOliveira - Live\twas_live		
v5NCT_2QCk0\tHasta aqu√≠ llegamos... TRIUN SE HARTA | √öLTIMA HORA FRANK CUESTA EN EL JUZGADO üî•\thttps://www.youtube.com/watch?v=v5NCT_2QCk0\tJaviOliveira - Live\twas_live		https://www.youtube.com/watch?v=v5NCT_2QCk0\tHasta aqu√≠ llegamos... TRIUN SE HARTA | √öLTIMA HORA FRANK CUESTA EN EL JUZGADO üî•\thttps://www.youtube.com/watch?v=v5NCT_2QCk0\tJaviOliveira - Live\twas_live		
Wlpea0a35LQ\tEsto es injustificable, Frank Cuesta.\thttps://www.youtube.com/watch?v=Wlpea0a35LQ\tJaviOliveira - Live\twas_live		https://www.youtube.com/watch?v=Wlpea0a35LQ\tEsto es injustificable, Frank Cuesta.\thttps://www.youtube.com/watch?v=Wlpea0a35LQ\tJaviOliveira - Live\twas_live		
FUlu0TxDVao\tORDEN DE ALEJAMIENTO PARA CHI: FRANK CUESTA PONE FIN A LA PERSECUCI√ìN.\thttps://www.youtube.com/watch?v=FUlu0TxDVao\tJaviOliveira - Live\twas_live		https://www.youtube.com/watch?v=FUlu0TxDVao\tORDEN DE ALEJAMIENTO PARA CHI: FRANK CUESTA PONE FIN A LA PERSECUCI√ìN.\thttps://www.youtube.com/watch?v=FUlu0TxDVao\tJaviOliveira - Live\twas_live		
pe7Dy5GOjuI\tüî¥ FRANK CUESTA ROMPE SU SILENCIO Y REVIENTA LAS MENTIRAS DE CHI üí•\thttps://www.youtube.com/watch?v=pe7Dy5GOjuI\tJaviOliveira - Live\twas_live		https://www.youtube.com/watch?v=pe7Dy5GOjuI\tüî¥ FRANK CUESTA ROMPE SU SILENCIO Y REVIENTA LAS MENTIRAS DE CHI üí•\thttps://www.youtube.com/watch?v=pe7Dy5GOjuI\tJaviOliveira - Live\twas_live		
_RBx62ta2NE\tüö® CONSECUENCIAS PENALES POR LA DANA ¬°AL JUZGADO! ENTREVISTA A RUBEN GISBERT\thttps://www.youtube.com/watch?v=_RBx62ta2NE\tJaviOliveira - Live\twas_live		https://www.youtube.com/watch?v=_RBx62ta2NE\tüö® CONSECUENCIAS PENALES POR LA DANA ¬°AL JUZGADO! ENTREVISTA A RUBEN GISBERT\thttps://www.youtube.com/watch?v=_RBx62ta2NE\tJaviOliveira - Live\twas_live		
GQ9oRM3MU0Y\tFRANK CUESTA SUFRE UN MENTAL BREAKDOWN Y SE RETIRA DE LA VIDA P√öBLICA, ¬øQU√â HA PASADO?\thttps://www.youtube.com/watch?v=GQ9oRM3MU0Y\tJaviOliveira - Live\twas_live		https://www.youtube.com/watch?v=GQ9oRM3MU0Y\tFRANK CUESTA SUFRE UN MENTAL BREAKDOWN Y SE RETIRA DE LA VIDA P√öBLICA, ¬øQU√â HA PASADO?\thttps://www.youtube.com/watch?v=GQ9oRM3MU0Y\tJaviOliveira - Live\twas_live		
J3L0GYJquXs\t¬°MENOR DESAPARECIDA! üö® ¬øD√ìNDE EST√Å ARACELI? C√ìRDOBA (FT: TRIUN ARTS)\thttps://www.youtube.com/watch?v=J3L0GYJquXs\tJaviOliveira - Live\twas_live		https://www.youtube.com/watch?v=J3L0GYJquXs\t¬°MENOR DESAPARECIDA! üö® ¬øD√ìNDE EST√Å ARACELI? C√ìRDOBA (FT: TRIUN ARTS)\thttps://www.youtube.com/watch?v=J3L0GYJquXs\tJaviOliveira - Live\twas_live		
sRbMFmAsVhA\tLA JUNGLA PODCAST #07 (FT: FRANK CUESTA)\thttps://www.youtube.com/watch?v=sRbMFmAsVhA\tJaviOliveira - Live\twas_live		https://www.youtube.com/watch?v=sRbMFmAsVhA\tLA JUNGLA PODCAST #07 (FT: FRANK CUESTA)\thttps://www.youtube.com/watch?v=sRbMFmAsVhA\tJaviOliveira - Live\twas_live		
Mu6kS7s5qww\tSILVIA BRONCHALO A GRITOS CON EL ABOGADO GARC√çA MONTES ¬°TENEMOS EL RECURSO DE DANIEL SANCHO!\thttps://www.youtube.com/watch?v=Mu6kS7s5qww\tJaviOliveira - Live\twas_live		https://www.youtube.com/watch?v=Mu6kS7s5qww\tSILVIA BRONCHALO A GRITOS CON EL ABOGADO GARC√çA MONTES ¬°TENEMOS EL RECURSO DE DANIEL SANCHO!\thttps://www.youtube.com/watch?v=Mu6kS7s5qww\tJaviOliveira - Live\twas_live		
tUZy9060hGk\tCHARLA CON DAVID SUMMERS (HOMBRES G) | LA JUNGLA PODCAST #06 (FT: FRANK CUESTA)\thttps://www.youtube.com/watch?v=tUZy9060hGk\tJaviOliveira - Live\twas_live		https://www.youtube.com/watch?v=tUZy9060hGk\tCHARLA CON DAVID SUMMERS (HOMBRES G) | LA JUNGLA PODCAST #06 (FT: FRANK CUESTA)\thttps://www.youtube.com/watch?v=tUZy9060hGk\tJaviOliveira - Live\twas_live		
U0irjSSwcqk\tMARTA DEL CASTILLO: LA VERDAD QUE QUISIERON CALLAR (FT: MIRYAM MOYA Y TRIUN ARTS)\thttps://www.youtube.com/watch?v=U0irjSSwcqk\tJaviOliveira - Live\twas_live		https://www.youtube.com/watch?v=U0irjSSwcqk\tMARTA DEL CASTILLO: LA VERDAD QUE QUISIERON CALLAR (FT: MIRYAM MOYA Y TRIUN ARTS)\thttps://www.youtube.com/watch?v=U0irjSSwcqk\tJaviOliveira - Live\twas_live		
983e2cBnn78\tüí£ ¬°HABLAMOS CON EL ABOGADO DE FRANK CUESTA! AS√ç SE ENCUENTRA EL CASO (FT:TWO YUPA)\thttps://www.youtube.com/watch?v=983e2cBnn78\tJaviOliveira - Live\twas_live		https://www.youtube.com/watch?v=983e2cBnn78\tüí£ ¬°HABLAMOS CON EL ABOGADO DE FRANK CUESTA! AS√ç SE ENCUENTRA EL CASO (FT:TWO YUPA)\thttps://www.youtube.com/watch?v=983e2cBnn78\tJaviOliveira - Live\twas_live		
CguZBtPpsvM\tCHARLA CON ROBERTO VAQUERO | LA JUNGLA PODCAST #05 (FT: FRANK CUESTA)\thttps://www.youtube.com/watch?v=CguZBtPpsvM\tJaviOliveira - Live\twas_live		https://www.youtube.com/watch?v=CguZBtPpsvM\tCHARLA CON ROBERTO VAQUERO | LA JUNGLA PODCAST #05 (FT: FRANK CUESTA)\thttps://www.youtube.com/watch?v=CguZBtPpsvM\tJaviOliveira - Live\twas_live		
uawrfzoLFzc\tCHARLA CON VITO QUILES | LA JUNGLA PODCAST #04 (FT: FRANK CUESTA)\thttps://www.youtube.com/watch?v=uawrfzoLFzc\tJaviOliveira - Live\twas_live		https://www.youtube.com/watch?v=uawrfzoLFzc\tCHARLA CON VITO QUILES | LA JUNGLA PODCAST #04 (FT: FRANK CUESTA)\thttps://www.youtube.com/watch?v=uawrfzoLFzc\tJaviOliveira - Live\twas_live		
1c12Xy7mPi8\tLA ENTREVISTA A JOS√â BRET√ìN üî¥ ESPELUZNANTE CONFESION üî¥ (CON MIRYAM MOYA Y TRIUN ARTS)\thttps://www.youtube.com/watch?v=1c12Xy7mPi8\tJaviOliveira - Live\twas_live		https://www.youtube.com/watch?v=1c12Xy7mPi8\tLA ENTREVISTA A JOS√â BRET√ìN üî¥ ESPELUZNANTE CONFESION üî¥ (CON MIRYAM MOYA Y TRIUN ARTS)\thttps://www.youtube.com/watch?v=1c12Xy7mPi8\tJaviOliveira - Live\twas_live		
Kg7yDhlEmtU\tüî¥ Marta del Castillo: Lo que NUNCA SE HA CONTADO (FT: TRIUNN ARTS Y MYRIAM MOYA)\thttps://www.youtube.com/watch?v=Kg7yDhlEmtU\tJaviOliveira - Live\twas_live		https://www.youtube.com/watch?v=Kg7yDhlEmtU\tüî¥ Marta del Castillo: Lo que NUNCA SE HA CONTADO (FT: TRIUNN ARTS Y MYRIAM MOYA)\thttps://www.youtube.com/watch?v=Kg7yDhlEmtU\tJaviOliveira - Live\twas_live		
FsvbF07B4Eo\tJavier Urra analiza el crimen de Badajoz: Educadora asesinada por menores tutelados\thttps://www.youtube.com/watch?v=FsvbF07B4Eo\tJaviOliveira - Live\twas_live		https://www.youtube.com/watch?v=FsvbF07B4Eo\tJavier Urra analiza el crimen de Badajoz: Educadora asesinada por menores tutelados\thttps://www.youtube.com/watch?v=FsvbF07B4Eo\tJaviOliveira - Live\twas_live		
bdmEtdgXX_c\tFRANK EXPLOTA: "√öLTIMA AMENAZA".\thttps://www.youtube.com/watch?v=bdmEtdgXX_c\tJaviOliveira - Live\twas_live		https://www.youtube.com/watch?v=bdmEtdgXX_c\tFRANK EXPLOTA: "√öLTIMA AMENAZA".\thttps://www.youtube.com/watch?v=bdmEtdgXX_c\tJaviOliveira - Live\twas_live		
Xyb_AdgZA-Y\tüí• ¬°COLISI√ìN EN TAILANDIA! SILVIA BRONCHALO EXPLOTA Y DANIEL HABLA DESDE LA CELDA (FT: TRIUN ARTS)\thttps://www.youtube.com/watch?v=Xyb_AdgZA-Y\tJaviOliveira - Live\twas_live		https://www.youtube.com/watch?v=Xyb_AdgZA-Y\tüí• ¬°COLISI√ìN EN TAILANDIA! SILVIA BRONCHALO EXPLOTA Y DANIEL HABLA DESDE LA CELDA (FT: TRIUN ARTS)\thttps://www.youtube.com/watch?v=Xyb_AdgZA-Y\tJaviOliveira - Live\twas_live		
OyDNtnHAK8g\tHABLA FRANK.\thttps://www.youtube.com/watch?v=OyDNtnHAK8g\tJaviOliveira - Live\twas_live		https://www.youtube.com/watch?v=OyDNtnHAK8g\tHABLA FRANK.\thttps://www.youtube.com/watch?v=OyDNtnHAK8g\tJaviOliveira - Live\twas_live		
M8wYrZS6oPc\t"FRANK HABLA DESDE LA CELDA" üö®√öLTIMA HORA sobre FRANK CUESTAüö®\thttps://www.youtube.com/watch?v=M8wYrZS6oPc\tJaviOliveira - Live\twas_live		https://www.youtube.com/watch?v=M8wYrZS6oPc\t"FRANK HABLA DESDE LA CELDA" üö®√öLTIMA HORA sobre FRANK CUESTAüö®\thttps://www.youtube.com/watch?v=M8wYrZS6oPc\tJaviOliveira - Live\twas_live		
pkBB8E6MqdY\tüí• FRANK CUESTA DETENIDO EN TAILANDIA (LE QUITAN LOS ANIMALES)\thttps://www.youtube.com/watch?v=pkBB8E6MqdY\tJaviOliveira - Live\twas_live		https://www.youtube.com/watch?v=pkBB8E6MqdY\tüí• FRANK CUESTA DETENIDO EN TAILANDIA (LE QUITAN LOS ANIMALES)\thttps://www.youtube.com/watch?v=pkBB8E6MqdY\tJaviOliveira - Live\twas_live		
jtkDmxUfqyg\tCHARLA CON DANI ESTEVE (DESOKUPA) | LA JUNGLA PODCAST #02 (FT: FRANK CUESTA)\thttps://www.youtube.com/watch?v=jtkDmxUfqyg\tJaviOliveira - Live\twas_live		https://www.youtube.com/watch?v=jtkDmxUfqyg\tCHARLA CON DANI ESTEVE (DESOKUPA) | LA JUNGLA PODCAST #02 (FT: FRANK CUESTA)\thttps://www.youtube.com/watch?v=jtkDmxUfqyg\tJaviOliveira - Live\twas_live		
-N0iJjrFI9A\tüéôÔ∏èCHARLA CON GLORIA IVONNE SOBRE CR√çMENES EN M√âXICO ¬øQU√â EST√Å OCURRIENDO?\thttps://www.youtube.com/watch?v=-N0iJjrFI9A\tJaviOliveira - Live\twas_live		https://www.youtube.com/watch?v=-N0iJjrFI9A\tüéôÔ∏èCHARLA CON GLORIA IVONNE SOBRE CR√çMENES EN M√âXICO ¬øQU√â EST√Å OCURRIENDO?\thttps://www.youtube.com/watch?v=-N0iJjrFI9A\tJaviOliveira - Live\twas_live		
aDQPGs-QHCM\tCHARLA CON IKER JIMENEZ | LA JUNGLA PODCAST #01 (FT: FRANK CUESTA)\thttps://www.youtube.com/watch?v=aDQPGs-QHCM\tJaviOliveira - Live\twas_live		https://www.youtube.com/watch?v=aDQPGs-QHCM\tCHARLA CON IKER JIMENEZ | LA JUNGLA PODCAST #01 (FT: FRANK CUESTA)\thttps://www.youtube.com/watch?v=aDQPGs-QHCM\tJaviOliveira - Live\twas_live		
sENl2ONGz-w\tüí•¬°URGENTE! NUEVO COMUNICADO DEL JUZGADO POR INVESTIGACI√ìN A ANABEL PANTOJA POR SU HIJA ALMA\thttps://www.youtube.com/watch?v=sENl2ONGz-w\tJaviOliveira - Live\twas_live		https://www.youtube.com/watch?v=sENl2ONGz-w\tüí•¬°URGENTE! NUEVO COMUNICADO DEL JUZGADO POR INVESTIGACI√ìN A ANABEL PANTOJA POR SU HIJA ALMA\thttps://www.youtube.com/watch?v=sENl2ONGz-w\tJaviOliveira - Live\twas_live		
d_fZKmQ4OH0\tüí• ¬°DEVASTADOR! ANABEL PANTOJA PODR√çA PERDER A SU BEB√â POR INVESTIGACI√ìN JUDICIAL ¬°MENUDO PROBLEM√ìN!\thttps://www.youtube.com/watch?v=d_fZKmQ4OH0\tJaviOliveira - Live\twas_live		https://www.youtube.com/watch?v=d_fZKmQ4OH0\tüí• ¬°DEVASTADOR! ANABEL PANTOJA PODR√çA PERDER A SU BEB√â POR INVESTIGACI√ìN JUDICIAL ¬°MENUDO PROBLEM√ìN!\thttps://www.youtube.com/watch?v=d_fZKmQ4OH0\tJaviOliveira - Live\twas_live		
JHAsseWjImo\tCRIMIN√ìLOGO SACA A LA LUZ LO NUNCA DICHO DEL CASO DANIEL SANCHO: con FELIX R√çOS.\thttps://www.youtube.com/watch?v=JHAsseWjImo\tJaviOliveira - Live\twas_live		https://www.youtube.com/watch?v=JHAsseWjImo\tCRIMIN√ìLOGO SACA A LA LUZ LO NUNCA DICHO DEL CASO DANIEL SANCHO: con FELIX R√çOS.\thttps://www.youtube.com/watch?v=JHAsseWjImo\tJaviOliveira - Live\twas_live		
3DybyenWNkU\tCHARLA CON TIPITO ENOJADO: VENEZUELA, MICHELO, MILEI... ¬°NO SE CALLA NADA!\thttps://www.youtube.com/watch?v=3DybyenWNkU\tJaviOliveira - Live\twas_live		https://www.youtube.com/watch?v=3DybyenWNkU\tCHARLA CON TIPITO ENOJADO: VENEZUELA, MICHELO, MILEI... ¬°NO SE CALLA NADA!\thttps://www.youtube.com/watch?v=3DybyenWNkU\tJaviOliveira - Live\twas_live		
hReIjQozc6A\t¬°IMPRESIONANTE! MUERTE EN TAILANDIA Y LA VERDADERA HISTORIA DE DANIEL SANCHO\thttps://www.youtube.com/watch?v=hReIjQozc6A\tJaviOliveira - Live\twas_live		https://www.youtube.com/watch?v=hReIjQozc6A\t¬°IMPRESIONANTE! MUERTE EN TAILANDIA Y LA VERDADERA HISTORIA DE DANIEL SANCHO\thttps://www.youtube.com/watch?v=hReIjQozc6A\tJaviOliveira - Live\twas_live		
kzo4MLerWLc\t"MI HERMANO COTO DA PENA" üî¥ ENTREVISTA A KIKO MATAMOROS ¬°SE MOJA CONTRA TODO!\thttps://www.youtube.com/watch?v=kzo4MLerWLc\tJaviOliveira - Live\twas_live		https://www.youtube.com/watch?v=kzo4MLerWLc\t"MI HERMANO COTO DA PENA" üî¥ ENTREVISTA A KIKO MATAMOROS ¬°SE MOJA CONTRA TODO!\thttps://www.youtube.com/watch?v=kzo4MLerWLc\tJaviOliveira - Live\twas_live		
9ELWTyTw_ro\tHABLAMOS CON JUANGO OSPINA SOBRE EL RECURSO CONTRA DANIEL SANCHO (con @triunarts)\thttps://www.youtube.com/watch?v=9ELWTyTw_ro\tJaviOliveira - Live\twas_live		https://www.youtube.com/watch?v=9ELWTyTw_ro\tHABLAMOS CON JUANGO OSPINA SOBRE EL RECURSO CONTRA DANIEL SANCHO (con @triunarts)\thttps://www.youtube.com/watch?v=9ELWTyTw_ro\tJaviOliveira - Live\twas_live		
Q_aOF4bDEWs\t"SOY TESTIGO EN EL PENAL DE MARYFER CENTENO CONTRA MR DOCTOR" üî¥ ENTREVISTA A MAURG1\thttps://www.youtube.com/watch?v=Q_aOF4bDEWs\tJaviOliveira - Live\twas_live		https://www.youtube.com/watch?v=Q_aOF4bDEWs\t"SOY TESTIGO EN EL PENAL DE MARYFER CENTENO CONTRA MR DOCTOR" üî¥ ENTREVISTA A MAURG1\thttps://www.youtube.com/watch?v=Q_aOF4bDEWs\tJaviOliveira - Live\twas_live		
YKuJpxEFy3o\tüî¥ ENTREVISTA LYDIA LOZANO NO SE CALLA: "ESTOY QUEMADA YA DEL TEMITA DE YLENIA"\thttps://www.youtube.com/watch?v=YKuJpxEFy3o\tJaviOliveira - Live\twas_live		https://www.youtube.com/watch?v=YKuJpxEFy3o\tüî¥ ENTREVISTA LYDIA LOZANO NO SE CALLA: "ESTOY QUEMADA YA DEL TEMITA DE YLENIA"\thttps://www.youtube.com/watch?v=YKuJpxEFy3o\tJaviOliveira - Live\twas_live		
1qGEaUqB2GA\t¬°RODOLFO PIERDE LA CABEZA Y SE ARRUINA! MACRODEMANDA POR DANIEL SANCHO\thttps://www.youtube.com/watch?v=1qGEaUqB2GA\tJaviOliveira - Live\twas_live		https://www.youtube.com/watch?v=1qGEaUqB2GA\t¬°RODOLFO PIERDE LA CABEZA Y SE ARRUINA! MACRODEMANDA POR DANIEL SANCHO\thttps://www.youtube.com/watch?v=1qGEaUqB2GA\tJaviOliveira - Live\twas_live		
d9Pie4oGLnY\tENTREVISTA: ¬øCARLOS MAZ√ìN DIMISI√ìN? üî¥ ESPERANZA AGUIRRE SIN PELOS¬†EN¬†LA¬†LENGUA\thttps://www.youtube.com/watch?v=d9Pie4oGLnY\tJaviOliveira - Live\twas_live		https://www.youtube.com/watch?v=d9Pie4oGLnY\tENTREVISTA: ¬øCARLOS MAZ√ìN DIMISI√ìN? üî¥ ESPERANZA AGUIRRE SIN PELOS¬†EN¬†LA¬†LENGUA\thttps://www.youtube.com/watch?v=d9Pie4oGLnY\tJaviOliveira - Live\twas_live		
GxYzzBa6Bf8\tSalen a la luz datos in√©ditos del caso Daniel Sancho: "Toda la verdad y nada m√°s que la verdad"\thttps://www.youtube.com/watch?v=GxYzzBa6Bf8\tJaviOliveira - Live\twas_live		https://www.youtube.com/watch?v=GxYzzBa6Bf8\tSalen a la luz datos in√©ditos del caso Daniel Sancho: "Toda la verdad y nada m√°s que la verdad"\thttps://www.youtube.com/watch?v=GxYzzBa6Bf8\tJaviOliveira - Live\twas_live		
M8FnUFtpZXQ\tLAS CONVERSACIONES √çNTIMAS DE DANIEL SANCHO CON EDWIN QUE NO QUIEREN QUE LEAS @TriunArts\thttps://www.youtube.com/watch?v=M8FnUFtpZXQ\tJaviOliveira - Live\twas_live		https://www.youtube.com/watch?v=M8FnUFtpZXQ\tLAS CONVERSACIONES √çNTIMAS DE DANIEL SANCHO CON EDWIN QUE NO QUIEREN QUE LEAS @TriunArts\thttps://www.youtube.com/watch?v=M8FnUFtpZXQ\tJaviOliveira - Live\twas_live		
dVjTp_cIYJo\tAL DESCUBIERTO LA CUENTA BANCARIA DE DANIEL SANCHO Y EDWIN ARRIETA: CON JOAQU√çN CAMPOS Y TRIUN ARTS\thttps://www.youtube.com/watch?v=dVjTp_cIYJo\tJaviOliveira - Live\twas_live		https://www.youtube.com/watch?v=dVjTp_cIYJo\tAL DESCUBIERTO LA CUENTA BANCARIA DE DANIEL SANCHO Y EDWIN ARRIETA: CON JOAQU√çN CAMPOS Y TRIUN ARTS\thttps://www.youtube.com/watch?v=dVjTp_cIYJo\tJaviOliveira - Live\twas_live		
Zr8iGpgwt9g\t"MEREC√çA MORIR" LOS MENSAJES DE NILSON A RODOLFO SANCHO (con LAURA RODR√çGUEZ)\thttps://www.youtube.com/watch?v=Zr8iGpgwt9g\tJaviOliveira - Live\twas_live		https://www.youtube.com/watch?v=Zr8iGpgwt9g\t"MEREC√çA MORIR" LOS MENSAJES DE NILSON A RODOLFO SANCHO (con LAURA RODR√çGUEZ)\thttps://www.youtube.com/watch?v=Zr8iGpgwt9g\tJaviOliveira - Live\twas_live		
p1YbXIaVXZQ\tEXCLUSIVA: EL ENGA√ëO DE GEMITA A GREFG "TAMBI√âN FUI V√çCTIMA"\thttps://www.youtube.com/watch?v=p1YbXIaVXZQ\tJaviOliveira - Live\twas_live		https://www.youtube.com/watch?v=p1YbXIaVXZQ\tEXCLUSIVA: EL ENGA√ëO DE GEMITA A GREFG "TAMBI√âN FUI V√çCTIMA"\thttps://www.youtube.com/watch?v=p1YbXIaVXZQ\tJaviOliveira - Live\twas_live		
1ZaC_haNbIo\tüî¥ EXCLUSIVA: ARI Y JUAN SE DIVORCIAN.\thttps://www.youtube.com/watch?v=1ZaC_haNbIo\tJaviOliveira - Live\twas_live		https://www.youtube.com/watch?v=1ZaC_haNbIo\tüî¥ EXCLUSIVA: ARI Y JUAN SE DIVORCIAN.\thttps://www.youtube.com/watch?v=1ZaC_haNbIo\tJaviOliveira - Live\twas_live		
yoCyqvwE6No\tCHARLA CON FRANK CUESTA\thttps://www.youtube.com/watch?v=yoCyqvwE6No\tJaviOliveira - Live\twas_live		https://www.youtube.com/watch?v=yoCyqvwE6No\tCHARLA CON FRANK CUESTA\thttps://www.youtube.com/watch?v=yoCyqvwE6No\tJaviOliveira - Live\twas_live		
yN6LfGObS3Q\tüî¥ EXCLUSIVA üî¥ SENTENCIA COMPLETA DE DANIEL SANCHO\thttps://www.youtube.com/watch?v=yN6LfGObS3Q\tJaviOliveira - Live\twas_live		https://www.youtube.com/watch?v=yN6LfGObS3Q\tüî¥ EXCLUSIVA üî¥ SENTENCIA COMPLETA DE DANIEL SANCHO\thttps://www.youtube.com/watch?v=yN6LfGObS3Q\tJaviOliveira - Live\twas_live		
sfnxzyBbw7I\tMENSAJE BOMBA DE DARLING ARRIETA ‚úâÔ∏è HABLAMOS CON TWO YUPA\thttps://www.youtube.com/watch?v=sfnxzyBbw7I\tJaviOliveira - Live\twas_live		https://www.youtube.com/watch?v=sfnxzyBbw7I\tMENSAJE BOMBA DE DARLING ARRIETA ‚úâÔ∏è HABLAMOS CON TWO YUPA\thttps://www.youtube.com/watch?v=sfnxzyBbw7I\tJaviOliveira - Live\twas_live		
pQITQDvpVdM\tEXCLUSIVA DANIEL SANCHO: EL FALLO DE LA SENTENCIA.\thttps://www.youtube.com/watch?v=pQITQDvpVdM\tJaviOliveira - Live\twas_live		https://www.youtube.com/watch?v=pQITQDvpVdM\tEXCLUSIVA DANIEL SANCHO: EL FALLO DE LA SENTENCIA.\thttps://www.youtube.com/watch?v=pQITQDvpVdM\tJaviOliveira - Live\twas_live		
Bhcw9cOCzco\tDIRECTO CON FRANK CUESTA ¬°SALVA EL SANTUARIO! COMENTAMOS LA SENTENCIA DE DANIEL SANCHO\thttps://www.youtube.com/watch?v=Bhcw9cOCzco\tJaviOliveira - Live\twas_live		https://www.youtube.com/watch?v=Bhcw9cOCzco\tDIRECTO CON FRANK CUESTA ¬°SALVA EL SANTUARIO! COMENTAMOS LA SENTENCIA DE DANIEL SANCHO\thttps://www.youtube.com/watch?v=Bhcw9cOCzco\tJaviOliveira - Live\twas_live		
0qqzya5g7G0\tDANIEL SANCHO: LLEG√ì TU HORA.\thttps://www.youtube.com/watch?v=0qqzya5g7G0\tJaviOliveira - Live\twas_live		https://www.youtube.com/watch?v=0qqzya5g7G0\tDANIEL SANCHO: LLEG√ì TU HORA.\thttps://www.youtube.com/watch?v=0qqzya5g7G0\tJaviOliveira - Live\twas_live		
1OMYfBw_e7s\t"¬°FRANK SE PUEDE SALVAR!" NOS LO CUENTA TWO YUPA EN DIRECTO\thttps://www.youtube.com/watch?v=1OMYfBw_e7s\tJaviOliveira - Live\twas_live		https://www.youtube.com/watch?v=1OMYfBw_e7s\t"¬°FRANK SE PUEDE SALVAR!" NOS LO CUENTA TWO YUPA EN DIRECTO\thttps://www.youtube.com/watch?v=1OMYfBw_e7s\tJaviOliveira - Live\twas_live		
U4wI8zMJa0k\t¬°ACORRALADOS! GARC√çA MONTES CENSURA A JOAQU√çN CAMPOS: DEBATE EN DIRECTO.\thttps://www.youtube.com/watch?v=U4wI8zMJa0k\tJaviOliveira - Live\twas_live		https://www.youtube.com/watch?v=U4wI8zMJa0k\t¬°ACORRALADOS! GARC√çA MONTES CENSURA A JOAQU√çN CAMPOS: DEBATE EN DIRECTO.\thttps://www.youtube.com/watch?v=U4wI8zMJa0k\tJaviOliveira - Live\twas_live		
-e6CBHPGHy0\tTRIUN ARTS DEJA TIRITANDO LA DEFENSA DE DANIEL SANCHO: SE ACERCA LA SENTENCIA FINAL.\thttps://www.youtube.com/watch?v=-e6CBHPGHy0\tJaviOliveira - Live\twas_live		https://www.youtube.com/watch?v=-e6CBHPGHy0\tTRIUN ARTS DEJA TIRITANDO LA DEFENSA DE DANIEL SANCHO: SE ACERCA LA SENTENCIA FINAL.\thttps://www.youtube.com/watch?v=-e6CBHPGHy0\tJaviOliveira - Live\twas_live		
a7G3eIzQlSo\tTWO YUPA NOS CUENTAS LAS DURAS CONDICIONES EN LA C√ÅRCEL DE TAILANDIA POR EL CASO DANIEL SANCHO\thttps://www.youtube.com/watch?v=a7G3eIzQlSo\tJaviOliveira - Live\twas_live		https://www.youtube.com/watch?v=a7G3eIzQlSo\tTWO YUPA NOS CUENTAS LAS DURAS CONDICIONES EN LA C√ÅRCEL DE TAILANDIA POR EL CASO DANIEL SANCHO\thttps://www.youtube.com/watch?v=a7G3eIzQlSo\tJaviOliveira - Live\twas_live		
TwB4qi9Fgaw\tRODOLFO CONTRA LAS CUERDAS: CRIMIN√ìLOGO F√âLIX R√çOS ANALIZA ¬°MENSAJES FILTRADOS!\thttps://www.youtube.com/watch?v=TwB4qi9Fgaw\tJaviOliveira - Live\twas_live		https://www.youtube.com/watch?v=TwB4qi9Fgaw\tRODOLFO CONTRA LAS CUERDAS: CRIMIN√ìLOGO F√âLIX R√çOS ANALIZA ¬°MENSAJES FILTRADOS!\thttps://www.youtube.com/watch?v=TwB4qi9Fgaw\tJaviOliveira - Live\twas_live		
HSy4oxWM2B0\t"HAY COSAS RARAS CON LOS TESTIGOS" HABLAMOS CON JUANGO OSPINA, DEFENSA DE EDWIN ARRIETA\thttps://www.youtube.com/watch?v=HSy4oxWM2B0\tJaviOliveira - Live\twas_live		https://www.youtube.com/watch?v=HSy4oxWM2B0\t"HAY COSAS RARAS CON LOS TESTIGOS" HABLAMOS CON JUANGO OSPINA, DEFENSA DE EDWIN ARRIETA\thttps://www.youtube.com/watch?v=HSy4oxWM2B0\tJaviOliveira - Live\twas_live		
ci_kgkUEwtk\tINC√ìGNITAS SIN RESOLVER EN EL CASO ASUNTA: EL CASO NENUFAR.\thttps://www.youtube.com/watch?v=ci_kgkUEwtk\tJaviOliveira - Live\twas_live		https://www.youtube.com/watch?v=ci_kgkUEwtk\tINC√ìGNITAS SIN RESOLVER EN EL CASO ASUNTA: EL CASO NENUFAR.\thttps://www.youtube.com/watch?v=ci_kgkUEwtk\tJaviOliveira - Live\twas_live		
tqGT1_HKRKQ\t¬°OBLIGADA A DENUNCIAR! PERIODISTA JOAQU√çN CAMPOS EN TAILANDIA NOS CUENTA TODO\thttps://www.youtube.com/watch?v=tqGT1_HKRKQ\tJaviOliveira - Live\twas_live		https://www.youtube.com/watch?v=tqGT1_HKRKQ\t¬°OBLIGADA A DENUNCIAR! PERIODISTA JOAQU√çN CAMPOS EN TAILANDIA NOS CUENTA TODO\thttps://www.youtube.com/watch?v=tqGT1_HKRKQ\tJaviOliveira - Live\twas_live		
mHYhnZ801H4\t¬°PEOR QUE EL INFIERNO! AS√ç ES LA C√ÅRCEL DE TAILANDIA Y EL FUTURO DE DANIEL SANCHO\thttps://www.youtube.com/watch?v=mHYhnZ801H4\tJaviOliveira - Live\twas_live		https://www.youtube.com/watch?v=mHYhnZ801H4\t¬°PEOR QUE EL INFIERNO! AS√ç ES LA C√ÅRCEL DE TAILANDIA Y EL FUTURO DE DANIEL SANCHO\thttps://www.youtube.com/watch?v=mHYhnZ801H4\tJaviOliveira - Live\twas_live		
lxUTaPdqRdA\t''QUE LE PREGUNTEN AL PADRE'' VISTO PARA SENTENCIA EL JUICIO DE DANIEL SANCHO\thttps://www.youtube.com/watch?v=lxUTaPdqRdA\tJaviOliveira - Live\twas_live		https://www.youtube.com/watch?v=lxUTaPdqRdA\t''QUE LE PREGUNTEN AL PADRE'' VISTO PARA SENTENCIA EL JUICIO DE DANIEL SANCHO\thttps://www.youtube.com/watch?v=lxUTaPdqRdA\tJaviOliveira - Live\twas_live		
cstheJsKny0\tESC√ÅNDALO EN TAILANDIA  ¬°DANIEL SANCHO PIDE PERD√ìN!\thttps://www.youtube.com/watch?v=cstheJsKny0\tJaviOliveira - Live\twas_live		https://www.youtube.com/watch?v=cstheJsKny0\tESC√ÅNDALO EN TAILANDIA  ¬°DANIEL SANCHO PIDE PERD√ìN!\thttps://www.youtube.com/watch?v=cstheJsKny0\tJaviOliveira - Live\twas_live		
VtwugwIBOfM\t¬øPACTO EXTRAOFICIAL? ¬°ABOGADO OSPINA ESTALLA! ... HAY MOVIMIENTOS EXTRA√ëOS\thttps://www.youtube.com/watch?v=VtwugwIBOfM\tJaviOliveira - Live\twas_live		https://www.youtube.com/watch?v=VtwugwIBOfM\t¬øPACTO EXTRAOFICIAL? ¬°ABOGADO OSPINA ESTALLA! ... HAY MOVIMIENTOS EXTRA√ëOS\thttps://www.youtube.com/watch?v=VtwugwIBOfM\tJaviOliveira - Live\twas_live		
TmHOFaAK9yA\t¬øD√ìNDE ESTABA EL T√ìRAX DE EDWIND ARRIETA? ¬°TE CONTAMOS LA VERDAD!\thttps://www.youtube.com/watch?v=TmHOFaAK9yA\tJaviOliveira - Live\twas_live		https://www.youtube.com/watch?v=TmHOFaAK9yA\t¬øD√ìNDE ESTABA EL T√ìRAX DE EDWIND ARRIETA? ¬°TE CONTAMOS LA VERDAD!\thttps://www.youtube.com/watch?v=TmHOFaAK9yA\tJaviOliveira - Live\twas_live		
Zj2oAdBAu08\tHablamos con FRANK CUESTA sobre el JUICIO DE DANIEL SANCHO en TAILANDIA\thttps://www.youtube.com/watch?v=Zj2oAdBAu08\tJaviOliveira - Live\twas_live		https://www.youtube.com/watch?v=Zj2oAdBAu08\tHablamos con FRANK CUESTA sobre el JUICIO DE DANIEL SANCHO en TAILANDIA\thttps://www.youtube.com/watch?v=Zj2oAdBAu08\tJaviOliveira - Live\twas_live		
pKU9us8Wy8E\tHablamos con Luis Garrido-Julve: EL PEOR ERROR DE DANIEL SANCHO EN KOH SAMUI.\thttps://www.youtube.com/watch?v=pKU9us8Wy8E\tJaviOliveira - Live\twas_live		https://www.youtube.com/watch?v=pKU9us8Wy8E\tHablamos con Luis Garrido-Julve: EL PEOR ERROR DE DANIEL SANCHO EN KOH SAMUI.\thttps://www.youtube.com/watch?v=pKU9us8Wy8E\tJaviOliveira - Live\twas_live		
wQN2oAcqaqk\tHabla Victoria Amiga de Edwin Arrieta - Caso Daniel Sancho -\thttps://www.youtube.com/watch?v=wQN2oAcqaqk\tJaviOliveira - Live\twas_live		https://www.youtube.com/watch?v=wQN2oAcqaqk\tHabla Victoria Amiga de Edwin Arrieta - Caso Daniel Sancho -\thttps://www.youtube.com/watch?v=wQN2oAcqaqk\tJaviOliveira - Live\twas_live		
AnCLZ8OGTZU\t"NO DESPEDAZ√ì A EDWIN, DESPEDAZ√ì A UNA¬†FAMILIA" EL PERVERSO DOCUMENTAL DEL CASO DANIEL SANCHO (HBO)\thttps://www.youtube.com/watch?v=AnCLZ8OGTZU\tJaviOliveira - Live\twas_live		https://www.youtube.com/watch?v=AnCLZ8OGTZU\t"NO DESPEDAZ√ì A EDWIN, DESPEDAZ√ì A UNA¬†FAMILIA" EL PERVERSO DOCUMENTAL DEL CASO DANIEL SANCHO (HBO)\thttps://www.youtube.com/watch?v=AnCLZ8OGTZU\tJaviOliveira - Live\twas_live		
Vy2BUF2Z0XU\tARRANCA EL JUICIO CONTRA DANIEL SANCHO POR EDWIN ARRIETA EN TAILANDIA\thttps://www.youtube.com/watch?v=Vy2BUF2Z0XU\tJaviOliveira - Live\twas_live		https://www.youtube.com/watch?v=Vy2BUF2Z0XU\tARRANCA EL JUICIO CONTRA DANIEL SANCHO POR EDWIN ARRIETA EN TAILANDIA\thttps://www.youtube.com/watch?v=Vy2BUF2Z0XU\tJaviOliveira - Live\twas_live		
fA66uZBUgzw\tBuscando a Marta del Castillo.\thttps://www.youtube.com/watch?v=fA66uZBUgzw\tJaviOliveira - Live\twas_live		https://www.youtube.com/watch?v=fA66uZBUgzw\tBuscando a Marta del Castillo.\thttps://www.youtube.com/watch?v=fA66uZBUgzw\tJaviOliveira - Live\twas_live		
KIEwyRFF5Qo\tüî¥ Habla Rafael Marcos: Irene Montero INDULT√ì a la SECUESTRADORA de su hijo: Mar√≠a Sevilla.\thttps://www.youtube.com/watch?v=KIEwyRFF5Qo\tJaviOliveira - Live\twas_live		https://www.youtube.com/watch?v=KIEwyRFF5Qo\tüî¥ Habla Rafael Marcos: Irene Montero INDULT√ì a la SECUESTRADORA de su hijo: Mar√≠a Sevilla.\thttps://www.youtube.com/watch?v=KIEwyRFF5Qo\tJaviOliveira - Live\twas_live		
ymbbPaXuiDM\tENTREVISTA BOMBA al amigo de Pedro Carrasco: Paco Narv√°ez que desmonta a Roc√≠o Carrasco\thttps://www.youtube.com/watch?v=ymbbPaXuiDM\tJaviOliveira - Live\twas_live		https://www.youtube.com/watch?v=ymbbPaXuiDM\tENTREVISTA BOMBA al amigo de Pedro Carrasco: Paco Narv√°ez que desmonta a Roc√≠o Carrasco\thttps://www.youtube.com/watch?v=ymbbPaXuiDM\tJaviOliveira - Live\twas_live		
7uHqOYAg_cQ\tM√°s CONTRADICCIONES en el caso Debanhi Escobar (con Triun Arts)\thttps://www.youtube.com/watch?v=7uHqOYAg_cQ\tJaviOliveira - Live\twas_live		https://www.youtube.com/watch?v=7uHqOYAg_cQ\tM√°s CONTRADICCIONES en el caso Debanhi Escobar (con Triun Arts)\thttps://www.youtube.com/watch?v=7uHqOYAg_cQ\tJaviOliveira - Live\twas_live		
zVF1sienHj8\tüî¥ Se acumulan los problemas PENALES a La F√°brica de la Tele\thttps://www.youtube.com/watch?v=zVF1sienHj8\tJaviOliveira - Live\twas_live		https://www.youtube.com/watch?v=zVF1sienHj8\tüî¥ Se acumulan los problemas PENALES a La F√°brica de la Tele\thttps://www.youtube.com/watch?v=zVF1sienHj8\tJaviOliveira - Live\twas_live		
gMRlDOjIpkk\tüî¥ ¬°Reaccionamos al VEREDICTO de AMBER HEARD por JOHNNY DEPP!\thttps://www.youtube.com/watch?v=gMRlDOjIpkk\tJaviOliveira - Live\twas_live		https://www.youtube.com/watch?v=gMRlDOjIpkk\tüî¥ ¬°Reaccionamos al VEREDICTO de AMBER HEARD por JOHNNY DEPP!\thttps://www.youtube.com/watch?v=gMRlDOjIpkk\tJaviOliveira - Live\twas_live		
IF2lZAIxa6o\t√öLTIMO D√çA JUICIO: AMBER HEARD DESTROZADA por CAMILLE VASQUEZ\thttps://www.youtube.com/watch?v=IF2lZAIxa6o\tJaviOliveira - Live\twas_live		https://www.youtube.com/watch?v=IF2lZAIxa6o\t√öLTIMO D√çA JUICIO: AMBER HEARD DESTROZADA por CAMILLE VASQUEZ\thttps://www.youtube.com/watch?v=IF2lZAIxa6o\tJaviOliveira - Live\twas_live		
2iew6F7vpRU\tMarta del Castillo: Juicio falso testimonio EL CUCO\thttps://www.youtube.com/watch?v=2iew6F7vpRU\tJaviOliveira - Live\twas_live		https://www.youtube.com/watch?v=2iew6F7vpRU\tMarta del Castillo: Juicio falso testimonio EL CUCO\thttps://www.youtube.com/watch?v=2iew6F7vpRU\tJaviOliveira - Live\twas_live		
a0TewmF8SKk\tMarta del Castillo: Juicio falso testimonio EL CUCO\thttps://www.youtube.com/watch?v=a0TewmF8SKk\tJaviOliveira - Live\twas_live		https://www.youtube.com/watch?v=a0TewmF8SKk\tMarta del Castillo: Juicio falso testimonio EL CUCO\thttps://www.youtube.com/watch?v=a0TewmF8SKk\tJaviOliveira - Live\twas_live		
Ap385FDNl5c\tD√≠a 23 JUICIO: ¬°MENTIROSA! AMBER HEARD llam√≥ a la prensa\thttps://www.youtube.com/watch?v=Ap385FDNl5c\tJaviOliveira - Live\twas_live		https://www.youtube.com/watch?v=Ap385FDNl5c\tD√≠a 23 JUICIO: ¬°MENTIROSA! AMBER HEARD llam√≥ a la prensa\thttps://www.youtube.com/watch?v=Ap385FDNl5c\tJaviOliveira - Live\twas_live		
HAqi1gzGHzY\tD√≠a 21 JUICIO: La hermana de AMBER compromete a JOHNNY DEPP\thttps://www.youtube.com/watch?v=HAqi1gzGHzY\tJaviOliveira - Live\twas_live		https://www.youtube.com/watch?v=HAqi1gzGHzY\tD√≠a 21 JUICIO: La hermana de AMBER compromete a JOHNNY DEPP\thttps://www.youtube.com/watch?v=HAqi1gzGHzY\tJaviOliveira - Live\twas_live		
g_Op-Sx6D7w\tD√≠a 20 JUICIO: KATE MOSS dar√° TESTIMONIO\thttps://www.youtube.com/watch?v=g_Op-Sx6D7w\tJaviOliveira - Live\twas_live		https://www.youtube.com/watch?v=g_Op-Sx6D7w\tD√≠a 20 JUICIO: KATE MOSS dar√° TESTIMONIO\thttps://www.youtube.com/watch?v=g_Op-Sx6D7w\tJaviOliveira - Live\twas_live		
YOcsJzwaElI\tD√≠a 19 JUICIO: INSULTAN a AMBER en pleno JUICIO!\thttps://www.youtube.com/watch?v=YOcsJzwaElI\tJaviOliveira - Live\twas_live		https://www.youtube.com/watch?v=YOcsJzwaElI\tD√≠a 19 JUICIO: INSULTAN a AMBER en pleno JUICIO!\thttps://www.youtube.com/watch?v=YOcsJzwaElI\tJaviOliveira - Live\twas_live		
v_wP4N6zw04\tD√≠a 18 JUICIO: AMBER HEARD ¬°Fuera de AQUAMAN tras su testimonio!\thttps://www.youtube.com/watch?v=v_wP4N6zw04\tJaviOliveira - Live\twas_live		https://www.youtube.com/watch?v=v_wP4N6zw04\tD√≠a 18 JUICIO: AMBER HEARD ¬°Fuera de AQUAMAN tras su testimonio!\thttps://www.youtube.com/watch?v=v_wP4N6zw04\tJaviOliveira - Live\twas_live		
udJ3FlMvsBw\tD√≠a 17 JUICIO: La abogada de Amber SE RINDE!\thttps://www.youtube.com/watch?v=udJ3FlMvsBw\tJaviOliveira - Live\twas_live		https://www.youtube.com/watch?v=udJ3FlMvsBw\tD√≠a 17 JUICIO: La abogada de Amber SE RINDE!\thttps://www.youtube.com/watch?v=udJ3FlMvsBw\tJaviOliveira - Live\twas_live		
1rg1YoN8vNA\tNuevas filtraciones sobre Debhani Escobar (con Triun Arts)\thttps://www.youtube.com/watch?v=1rg1YoN8vNA\tJaviOliveira - Live\twas_live		https://www.youtube.com/watch?v=1rg1YoN8vNA\tNuevas filtraciones sobre Debhani Escobar (con Triun Arts)\thttps://www.youtube.com/watch?v=1rg1YoN8vNA\tJaviOliveira - Live\twas_live		
-w6EhGA4m_0\tMe han echado de London Eye\thttps://www.youtube.com/watch?v=-w6EhGA4m_0\tJaviOliveira - Live\twas_live		https://www.youtube.com/watch?v=-w6EhGA4m_0\tMe han echado de London Eye\thttps://www.youtube.com/watch?v=-w6EhGA4m_0\tJaviOliveira - Live\twas_live		
bVr5yd9iPkc\tLa brutal agresi√≥n de Will Smith a Chris Rock en los Oscars 2022\thttps://www.youtube.com/watch?v=bVr5yd9iPkc\tJaviOliveira - Live\twas_live		https://www.youtube.com/watch?v=bVr5yd9iPkc\tLa brutal agresi√≥n de Will Smith a Chris Rock en los Oscars 2022\thttps://www.youtube.com/watch?v=bVr5yd9iPkc\tJaviOliveira - Live\twas_live		
QCakHmFLWWo\tCARA A CARA con FRANK CUESTA\thttps://www.youtube.com/watch?v=QCakHmFLWWo\tJaviOliveira - Live\twas_live		https://www.youtube.com/watch?v=QCakHmFLWWo\tCARA A CARA con FRANK CUESTA\thttps://www.youtube.com/watch?v=QCakHmFLWWo\tJaviOliveira - Live\twas_live		
hPYyyd8dH-E\tFeliz A√±o Nuevo!!!\thttps://www.youtube.com/watch?v=hPYyyd8dH-E\tJaviOliveira - Live\twas_live		https://www.youtube.com/watch?v=hPYyyd8dH-E\tFeliz A√±o Nuevo!!!\thttps://www.youtube.com/watch?v=hPYyyd8dH-E\tJaviOliveira - Live\twas_live		
5TjnYkbznrA\tMICHAEL JACKSON VUELVE A GANAR JUICIO!\thttps://www.youtube.com/watch?v=5TjnYkbznrA\tJaviOliveira - Live\twas_live		https://www.youtube.com/watch?v=5TjnYkbznrA\tMICHAEL JACKSON VUELVE A GANAR JUICIO!\thttps://www.youtube.com/watch?v=5TjnYkbznrA\tJaviOliveira - Live\twas_live		
N-_3TqUQXpg\tEsta chica ARRASA en ONLY FANS... üëÄ\thttps://www.youtube.com/watch?v=N-_3TqUQXpg\tJaviOliveira - Live\twas_live		https://www.youtube.com/watch?v=N-_3TqUQXpg\tEsta chica ARRASA en ONLY FANS... üëÄ\thttps://www.youtube.com/watch?v=N-_3TqUQXpg\tJaviOliveira - Live\twas_live		
DhMM2cZkV2s\tINDIGNANTE CASO JUANA RIVAS\thttps://www.youtube.com/watch?v=DhMM2cZkV2s\tJaviOliveira - Live\twas_live		https://www.youtube.com/watch?v=DhMM2cZkV2s\tINDIGNANTE CASO JUANA RIVAS\thttps://www.youtube.com/watch?v=DhMM2cZkV2s\tJaviOliveira - Live\twas_live		
8N4JZQpR5oY\tPREMIO A LA F√ÅBRICA DE LA TELE POR EL DOCUDRAMA ¬°INDIGNANTE!\thttps://www.youtube.com/watch?v=8N4JZQpR5oY\tJaviOliveira - Live\twas_live		https://www.youtube.com/watch?v=8N4JZQpR5oY\tPREMIO A LA F√ÅBRICA DE LA TELE POR EL DOCUDRAMA ¬°INDIGNANTE!\thttps://www.youtube.com/watch?v=8N4JZQpR5oY\tJaviOliveira - Live\twas_live		
8Ageiu-8dPk\tConcentraci√≥n en M√°laga con Antonio David Flores\thttps://www.youtube.com/watch?v=8Ageiu-8dPk\tJaviOliveira - Live\twas_live		https://www.youtube.com/watch?v=8Ageiu-8dPk\tConcentraci√≥n en M√°laga con Antonio David Flores\thttps://www.youtube.com/watch?v=8Ageiu-8dPk\tJaviOliveira - Live\twas_live		
PwPbprj2SWA\tCARA A CARA con ALPHASNIPER97\thttps://www.youtube.com/watch?v=PwPbprj2SWA\tJaviOliveira - Live\twas_live		https://www.youtube.com/watch?v=PwPbprj2SWA\tCARA A CARA con ALPHASNIPER97\thttps://www.youtube.com/watch?v=PwPbprj2SWA\tJaviOliveira - Live\twas_live		
0bUomoapj4Y\tLo M√ÅS FUERTE en la pol√©mica de DALAS VS JUAN Y ARI GAMEPLAYS\thttps://www.youtube.com/watch?v=0bUomoapj4Y\tJaviOliveira - Live\twas_live		https://www.youtube.com/watch?v=0bUomoapj4Y\tLo M√ÅS FUERTE en la pol√©mica de DALAS VS JUAN Y ARI GAMEPLAYS\thttps://www.youtube.com/watch?v=0bUomoapj4Y\tJaviOliveira - Live\twas_live		
dJJpZuD_HpM\tDebate con el CARRASQUISTA m√°s HATER de ANTONIO DAVID\thttps://www.youtube.com/watch?v=dJJpZuD_HpM\tJaviOliveira - Live\twas_live		https://www.youtube.com/watch?v=dJJpZuD_HpM\tDebate con el CARRASQUISTA m√°s HATER de ANTONIO DAVID\thttps://www.youtube.com/watch?v=dJJpZuD_HpM\tJaviOliveira - Live\twas_live		
iE0CdBbFCK8\tTHEGREFG Y ALECMOLON CONFIRMAN LA SUCIA JUGADA CON EL REWIND HISPANO 2021\thttps://www.youtube.com/watch?v=iE0CdBbFCK8\tJaviOliveira - Live\twas_live		https://www.youtube.com/watch?v=iE0CdBbFCK8\tTHEGREFG Y ALECMOLON CONFIRMAN LA SUCIA JUGADA CON EL REWIND HISPANO 2021\thttps://www.youtube.com/watch?v=iE0CdBbFCK8\tJaviOliveira - Live\twas_live		
h79WT1dPCZ8\tALECMOLON Y GREFG SALEN A EXCUSARSE SOBRE LA SUCIA JUGADA DEL REWIND HISPANO 2021\thttps://www.youtube.com/watch?v=h79WT1dPCZ8\tJaviOliveira - Live\twas_live		https://www.youtube.com/watch?v=h79WT1dPCZ8\tALECMOLON Y GREFG SALEN A EXCUSARSE SOBRE LA SUCIA JUGADA DEL REWIND HISPANO 2021\thttps://www.youtube.com/watch?v=h79WT1dPCZ8\tJaviOliveira - Live\twas_live		
g5gEsVezti0\tGREFG QUIERE QUEDARSE EL REWIND HISPANO A TRAICI√ìN\thttps://www.youtube.com/watch?v=g5gEsVezti0\tJaviOliveira - Live\twas_live		https://www.youtube.com/watch?v=g5gEsVezti0\tGREFG QUIERE QUEDARSE EL REWIND HISPANO A TRAICI√ìN\thttps://www.youtube.com/watch?v=g5gEsVezti0\tJaviOliveira - Live\twas_live		
pxLemGwf8-Y\tCARA A CARA con AURONPLAY\thttps://www.youtube.com/watch?v=pxLemGwf8-Y\tJaviOliveira - Live\twas_live		https://www.youtube.com/watch?v=pxLemGwf8-Y\tCARA A CARA con AURONPLAY\thttps://www.youtube.com/watch?v=pxLemGwf8-Y\tJaviOliveira - Live\twas_live		
WPNvtyWBjV8\tCHARI (GHVIP) PONE EN SU SITIO A BEL√âN ESTEBAN\thttps://www.youtube.com/watch?v=WPNvtyWBjV8\tJaviOliveira - Live\twas_live		https://www.youtube.com/watch?v=WPNvtyWBjV8\tCHARI (GHVIP) PONE EN SU SITIO A BEL√âN ESTEBAN\thttps://www.youtube.com/watch?v=WPNvtyWBjV8\tJaviOliveira - Live\twas_live		
S9owOEWXK9A\t¬øHola?...\thttps://www.youtube.com/watch?v=S9owOEWXK9A\tJaviOliveira - Live\twas_live		https://www.youtube.com/watch?v=S9owOEWXK9A\t¬øHola?...\thttps://www.youtube.com/watch?v=S9owOEWXK9A\tJaviOliveira - Live\twas_live		
aaWcCA-PaJU\tJAVIER NEGRE Y LA CENSURA EN YOUTUBE\thttps://www.youtube.com/watch?v=aaWcCA-PaJU\tJaviOliveira - Live\twas_live		https://www.youtube.com/watch?v=aaWcCA-PaJU\tJAVIER NEGRE Y LA CENSURA EN YOUTUBE\thttps://www.youtube.com/watch?v=aaWcCA-PaJU\tJaviOliveira - Live\twas_live		
LiE-MH6xu_s\tDEBATE CON ALPHASNIPER Y DALAS SOBRE SALVA Y SU COCHE\thttps://www.youtube.com/watch?v=LiE-MH6xu_s\tJaviOliveira - Live\twas_live		https://www.youtube.com/watch?v=LiE-MH6xu_s\tDEBATE CON ALPHASNIPER Y DALAS SOBRE SALVA Y SU COCHE\thttps://www.youtube.com/watch?v=LiE-MH6xu_s\tJaviOliveira - Live\twas_live		
DEz2APYfa54\tOLGA MORENO GANADORA DE SUPERVIVIENTES 2021\thttps://www.youtube.com/watch?v=DEz2APYfa54\tJaviOliveira - Live\twas_live		https://www.youtube.com/watch?v=DEz2APYfa54\tOLGA MORENO GANADORA DE SUPERVIVIENTES 2021\thttps://www.youtube.com/watch?v=DEz2APYfa54\tJaviOliveira - Live\twas_live		
Pn-KtwW_Fqo\tSECUESTRO PARENTAL - CARLOS SALGADO\thttps://www.youtube.com/watch?v=Pn-KtwW_Fqo\tJaviOliveira - Live\twas_live		https://www.youtube.com/watch?v=Pn-KtwW_Fqo\tSECUESTRO PARENTAL - CARLOS SALGADO\thttps://www.youtube.com/watch?v=Pn-KtwW_Fqo\tJaviOliveira - Live\twas_live		
MupmfwYY734\tRoc√≠o Carrasco, yo no te creo: GAME OVER.\thttps://www.youtube.com/watch?v=MupmfwYY734\tJaviOliveira - Live\twas_live		https://www.youtube.com/watch?v=MupmfwYY734\tRoc√≠o Carrasco, yo no te creo: GAME OVER.\thttps://www.youtube.com/watch?v=MupmfwYY734\tJaviOliveira - Live\twas_live		
UWTNY98DHZg\tJORGE JAVIER HABLA SOBRE LA ENTREVISTA A ANTONIO DAVID (con ALBERT DOM√àNECH)\thttps://www.youtube.com/watch?v=UWTNY98DHZg\tJaviOliveira - Live\twas_live		https://www.youtube.com/watch?v=UWTNY98DHZg\tJORGE JAVIER HABLA SOBRE LA ENTREVISTA A ANTONIO DAVID (con ALBERT DOM√àNECH)\thttps://www.youtube.com/watch?v=UWTNY98DHZg\tJaviOliveira - Live\twas_live		
rJ8BkL99B3M\tABOGADA YOBANA CARRIL DESTROZA LA DOCUSERIE DE ROC√çO CARRASCO\thttps://www.youtube.com/watch?v=rJ8BkL99B3M\tJaviOliveira - Live\twas_live		https://www.youtube.com/watch?v=rJ8BkL99B3M\tABOGADA YOBANA CARRIL DESTROZA LA DOCUSERIE DE ROC√çO CARRASCO\thttps://www.youtube.com/watch?v=rJ8BkL99B3M\tJaviOliveira - Live\twas_live		
cYaMQUesfk8\tANTONIO DAVID FLORES ROMPE SU SILENCIO: ENTREVISTA EXCLUSIVA üí•\thttps://www.youtube.com/watch?v=cYaMQUesfk8\tJaviOliveira - Live\twas_live		https://www.youtube.com/watch?v=cYaMQUesfk8\tANTONIO DAVID FLORES ROMPE SU SILENCIO: ENTREVISTA EXCLUSIVA üí•\thttps://www.youtube.com/watch?v=cYaMQUesfk8\tJaviOliveira - Live\twas_live		
UyZnqafccmg\tJORDI WILD HA BORRADO SU V√çDEO SOBRE MICHAEL JACKSON: GRACIAS FEIKINGNEWS (ft. B Lescow)\thttps://www.youtube.com/watch?v=UyZnqafccmg\tJaviOliveira - Live\twas_live		https://www.youtube.com/watch?v=UyZnqafccmg\tJORDI WILD HA BORRADO SU V√çDEO SOBRE MICHAEL JACKSON: GRACIAS FEIKINGNEWS (ft. B Lescow)\thttps://www.youtube.com/watch?v=UyZnqafccmg\tJaviOliveira - Live\twas_live		
