omKyo2C8TmM\t쮼s verdad que Rivers y Ari Gameplays llevan un a침o siendo NOVIAS? Veamos teor칤as juntos\thttps://www.youtube.com/watch?v=omKyo2C8TmM\tDalas Review - Live\twas_live		https://www.youtube.com/watch?v=omKyo2C8TmM\t쮼s verdad que Rivers y Ari Gameplays llevan un a침o siendo NOVIAS? Veamos teor칤as juntos\thttps://www.youtube.com/watch?v=omKyo2C8TmM\tDalas Review - Live\twas_live		
IGCp2kAw-Rk\tDalas DEBATE vs Aleluyo hoy a las 12 del mediod칤a M칠xico (Las hu칤das de Rigoberto)\thttps://www.youtube.com/watch?v=IGCp2kAw-Rk\tDalas Review - Live\twas_live		https://www.youtube.com/watch?v=IGCp2kAw-Rk\tDalas DEBATE vs Aleluyo hoy a las 12 del mediod칤a M칠xico (Las hu칤das de Rigoberto)\thttps://www.youtube.com/watch?v=IGCp2kAw-Rk\tDalas Review - Live\twas_live		
DWrX35IXvmY\tEL 칔LTIMO DIRECTO ANTES DE QUE ME BORREN EL CANAL XDXDXDXD (es broma, ya les gustar칤a)\thttps://www.youtube.com/watch?v=DWrX35IXvmY\tDalas Review - Live\twas_live		https://www.youtube.com/watch?v=DWrX35IXvmY\tEL 칔LTIMO DIRECTO ANTES DE QUE ME BORREN EL CANAL XDXDXDXD (es broma, ya les gustar칤a)\thttps://www.youtube.com/watch?v=DWrX35IXvmY\tDalas Review - Live\twas_live		
SkkUbcNWdEQ\tOtra que inventa conversaciones conmigo para que no la funen a ella por mentirosa\thttps://www.youtube.com/watch?v=SkkUbcNWdEQ\tDalas Review - Live\twas_live		https://www.youtube.com/watch?v=SkkUbcNWdEQ\tOtra que inventa conversaciones conmigo para que no la funen a ella por mentirosa\thttps://www.youtube.com/watch?v=SkkUbcNWdEQ\tDalas Review - Live\twas_live		
5DGjgBq3Si4\tella me FUN칍 pero quiso Tema conmigo por privado (y lo oculta con Mart칤n Cirio)\thttps://www.youtube.com/watch?v=5DGjgBq3Si4\tDalas Review - Live\twas_live		https://www.youtube.com/watch?v=5DGjgBq3Si4\tella me FUN칍 pero quiso Tema conmigo por privado (y lo oculta con Mart칤n Cirio)\thttps://www.youtube.com/watch?v=5DGjgBq3Si4\tDalas Review - Live\twas_live		
_HqO0FkNZQk\tDalas programando en Directo (y charla con miembros)\thttps://www.youtube.com/watch?v=_HqO0FkNZQk\tDalas Review - Live\twas_live		https://www.youtube.com/watch?v=_HqO0FkNZQk\tDalas programando en Directo (y charla con miembros)\thttps://www.youtube.com/watch?v=_HqO0FkNZQk\tDalas Review - Live\twas_live		
HWKKs1CbQbI\tDalas reacciona a Aar칩n Mercury siendo maltratado por La Casa de los Famosos\thttps://www.youtube.com/watch?v=HWKKs1CbQbI\tDalas Review - Live\twas_live		https://www.youtube.com/watch?v=HWKKs1CbQbI\tDalas reacciona a Aar칩n Mercury siendo maltratado por La Casa de los Famosos\thttps://www.youtube.com/watch?v=HWKKs1CbQbI\tDalas Review - Live\twas_live		
CL4yeGw1Kdk\tHablemos sobre lo que acaba de pasar en Red Pill Podcast con Rigoberto (tremenda falta de respeto)\thttps://www.youtube.com/watch?v=CL4yeGw1Kdk\tDalas Review - Live\twas_live		https://www.youtube.com/watch?v=CL4yeGw1Kdk\tHablemos sobre lo que acaba de pasar en Red Pill Podcast con Rigoberto (tremenda falta de respeto)\thttps://www.youtube.com/watch?v=CL4yeGw1Kdk\tDalas Review - Live\twas_live		
-Ji_f5kKIR8\tDalas Debate Abierto contra Acosadores\thttps://www.youtube.com/watch?v=-Ji_f5kKIR8\tDalas Review - Live\twas_live		https://www.youtube.com/watch?v=-Ji_f5kKIR8\tDalas Debate Abierto contra Acosadores\thttps://www.youtube.com/watch?v=-Ji_f5kKIR8\tDalas Review - Live\twas_live		
ui9wAgbtKi4\tDalas DESTRUYE la Difamaci칩n del "Torso" enviado al DM\thttps://www.youtube.com/watch?v=ui9wAgbtKi4\tDalas Review - Live\twas_live		https://www.youtube.com/watch?v=ui9wAgbtKi4\tDalas DESTRUYE la Difamaci칩n del "Torso" enviado al DM\thttps://www.youtube.com/watch?v=ui9wAgbtKi4\tDalas Review - Live\twas_live		
Ntm_MK0oj7Y\tA Numit칩mana se le est치 acabando "el Show": Este v칤deo es CINE (Dalas y Javi)\thttps://www.youtube.com/watch?v=Ntm_MK0oj7Y\tDalas Review - Live\twas_live		https://www.youtube.com/watch?v=Ntm_MK0oj7Y\tA Numit칩mana se le est치 acabando "el Show": Este v칤deo es CINE (Dalas y Javi)\thttps://www.youtube.com/watch?v=Ntm_MK0oj7Y\tDalas Review - Live\twas_live		
p_Ge4WHqaL4\tDalas reacciona a la m치s T칩xica de su Pueblo\thttps://www.youtube.com/watch?v=p_Ge4WHqaL4\tDalas Review - Live\twas_live		https://www.youtube.com/watch?v=p_Ge4WHqaL4\tDalas reacciona a la m치s T칩xica de su Pueblo\thttps://www.youtube.com/watch?v=p_Ge4WHqaL4\tDalas Review - Live\twas_live		
xo_p351BdlI\tDalas ve a Numinosa LLORAR porque no acept칩 un v칤deo respuesta 游땍\thttps://www.youtube.com/watch?v=xo_p351BdlI\tDalas Review - Live\twas_live		https://www.youtube.com/watch?v=xo_p351BdlI\tDalas ve a Numinosa LLORAR porque no acept칩 un v칤deo respuesta 游땍\thttps://www.youtube.com/watch?v=xo_p351BdlI\tDalas Review - Live\twas_live		
zAGCW7QAUuE\tDalas Debate Vs Ricardo Alcaraz\thttps://www.youtube.com/watch?v=zAGCW7QAUuE\tDalas Review - Live\twas_live		https://www.youtube.com/watch?v=zAGCW7QAUuE\tDalas Debate Vs Ricardo Alcaraz\thttps://www.youtube.com/watch?v=zAGCW7QAUuE\tDalas Review - Live\twas_live		
8DLEa-wJGOs\tDalas reacciona a Maau\thttps://www.youtube.com/watch?v=8DLEa-wJGOs\tDalas Review - Live\twas_live		https://www.youtube.com/watch?v=8DLEa-wJGOs\tDalas reacciona a Maau\thttps://www.youtube.com/watch?v=8DLEa-wJGOs\tDalas Review - Live\twas_live		
ApkY6y1xmvE\tLa cara del ENFERMO que Charlie Kirk tuvo que sufrir\thttps://www.youtube.com/watch?v=ApkY6y1xmvE\tDalas Review - Live\twas_live		https://www.youtube.com/watch?v=ApkY6y1xmvE\tLa cara del ENFERMO que Charlie Kirk tuvo que sufrir\thttps://www.youtube.com/watch?v=ApkY6y1xmvE\tDalas Review - Live\twas_live		
C87hqt2n2l8\tDesde aqu칤 fue lo de Charlie Kirk\thttps://www.youtube.com/watch?v=C87hqt2n2l8\tDalas Review - Live\twas_live		https://www.youtube.com/watch?v=C87hqt2n2l8\tDesde aqu칤 fue lo de Charlie Kirk\thttps://www.youtube.com/watch?v=C87hqt2n2l8\tDalas Review - Live\twas_live		
zE--QJ-IaRE\tDalas reacciona a Komanche DESATADO (se est치 volviendo LOCO)\thttps://www.youtube.com/watch?v=zE--QJ-IaRE\tDalas Review - Live\twas_live		https://www.youtube.com/watch?v=zE--QJ-IaRE\tDalas reacciona a Komanche DESATADO (se est치 volviendo LOCO)\thttps://www.youtube.com/watch?v=zE--QJ-IaRE\tDalas Review - Live\twas_live		
trxRvHrTqrA\tDalas Reta a haters a debate en Vivo\thttps://www.youtube.com/watch?v=trxRvHrTqrA\tDalas Review - Live\twas_live		https://www.youtube.com/watch?v=trxRvHrTqrA\tDalas Reta a haters a debate en Vivo\thttps://www.youtube.com/watch?v=trxRvHrTqrA\tDalas Review - Live\twas_live		
mc4cjeMeXdc\tMonetizando a los haters 游땙 otro d칤a m치s\thttps://www.youtube.com/watch?v=mc4cjeMeXdc\tDalas Review - Live\twas_live		https://www.youtube.com/watch?v=mc4cjeMeXdc\tMonetizando a los haters 游땙 otro d칤a m치s\thttps://www.youtube.com/watch?v=mc4cjeMeXdc\tDalas Review - Live\twas_live		
3kPEpulbJd4\tDalas responde a La "Artista" Frustrada y Mentirosa que le atac칩 de gratis: Numinosa ex Fantagoria\thttps://www.youtube.com/watch?v=3kPEpulbJd4\tDalas Review - Live\twas_live		https://www.youtube.com/watch?v=3kPEpulbJd4\tDalas responde a La "Artista" Frustrada y Mentirosa que le atac칩 de gratis: Numinosa ex Fantagoria\thttps://www.youtube.com/watch?v=3kPEpulbJd4\tDalas Review - Live\twas_live		
fFU8q1WJjU0\tEchan a Aaron Mercury: Se va de La Casa de los Famosos (Nominado)\thttps://www.youtube.com/watch?v=fFU8q1WJjU0\tDalas Review - Live\twas_live		https://www.youtube.com/watch?v=fFU8q1WJjU0\tEchan a Aaron Mercury: Se va de La Casa de los Famosos (Nominado)\thttps://www.youtube.com/watch?v=fFU8q1WJjU0\tDalas Review - Live\twas_live		
c6qawu5c-Ok\tyo era amigo de Aaron Mercury pero Elaine en La Casa de los Famosos demostr칩 que no lo soy\thttps://www.youtube.com/watch?v=c6qawu5c-Ok\tDalas Review - Live\twas_live		https://www.youtube.com/watch?v=c6qawu5c-Ok\tyo era amigo de Aaron Mercury pero Elaine en La Casa de los Famosos demostr칩 que no lo soy\thttps://www.youtube.com/watch?v=c6qawu5c-Ok\tDalas Review - Live\twas_live		
kqFrGFlQIMM\tMaduro Produce los Drones m치s Tristes del mundo en Venezuela XD\thttps://www.youtube.com/watch?v=kqFrGFlQIMM\tDalas Review - Live\twas_live		https://www.youtube.com/watch?v=kqFrGFlQIMM\tMaduro Produce los Drones m치s Tristes del mundo en Venezuela XD\thttps://www.youtube.com/watch?v=kqFrGFlQIMM\tDalas Review - Live\twas_live		
O03N9x8W3no\tDos Karens humilladas por la polic칤a\thttps://www.youtube.com/watch?v=O03N9x8W3no\tDalas Review - Live\twas_live		https://www.youtube.com/watch?v=O03N9x8W3no\tDos Karens humilladas por la polic칤a\thttps://www.youtube.com/watch?v=O03N9x8W3no\tDalas Review - Live\twas_live		
pod7aXkuGvU\tPIll칠 a Juan de Dios Pantoja cuerneando a Kimberly Loaiza (otra vez) con Kim Shantal by Lizbeth\thttps://www.youtube.com/watch?v=pod7aXkuGvU\tDalas Review - Live\twas_live		https://www.youtube.com/watch?v=pod7aXkuGvU\tPIll칠 a Juan de Dios Pantoja cuerneando a Kimberly Loaiza (otra vez) con Kim Shantal by Lizbeth\thttps://www.youtube.com/watch?v=pod7aXkuGvU\tDalas Review - Live\twas_live		
Sxtpw1J_854\tDalas responde a Xokas defendiendo a Coscu y criticando a Abby por La Velada del A침o 5 de Ibai\thttps://www.youtube.com/watch?v=Sxtpw1J_854\tDalas Review - Live\twas_live		https://www.youtube.com/watch?v=Sxtpw1J_854\tDalas responde a Xokas defendiendo a Coscu y criticando a Abby por La Velada del A침o 5 de Ibai\thttps://www.youtube.com/watch?v=Sxtpw1J_854\tDalas Review - Live\twas_live		
2hRfogckrCg\tDalas reacciona a los Combates de La Velada del A침o 5 que se perdi칩 (Cringe alto)\thttps://www.youtube.com/watch?v=2hRfogckrCg\tDalas Review - Live\twas_live		https://www.youtube.com/watch?v=2hRfogckrCg\tDalas reacciona a los Combates de La Velada del A침o 5 que se perdi칩 (Cringe alto)\thttps://www.youtube.com/watch?v=2hRfogckrCg\tDalas Review - Live\twas_live		
2mYMmwHiZDc\tAbby LLORA y se Hunde sobre La Velada del A침o 5: Reacciones de Ibai, Xokas, Roro y m치s\thttps://www.youtube.com/watch?v=2mYMmwHiZDc\tDalas Review - Live\twas_live		https://www.youtube.com/watch?v=2mYMmwHiZDc\tAbby LLORA y se Hunde sobre La Velada del A침o 5: Reacciones de Ibai, Xokas, Roro y m치s\thttps://www.youtube.com/watch?v=2mYMmwHiZDc\tDalas Review - Live\twas_live		
BqBNteuLY2g\tDalas reacciona a Abby MINTIENDO sobre La Velada del A침o 5 con RoRo y siendo abucheada\thttps://www.youtube.com/watch?v=BqBNteuLY2g\tDalas Review - Live\twas_live		https://www.youtube.com/watch?v=BqBNteuLY2g\tDalas reacciona a Abby MINTIENDO sobre La Velada del A침o 5 con RoRo y siendo abucheada\thttps://www.youtube.com/watch?v=BqBNteuLY2g\tDalas Review - Live\twas_live		
hOjJ32bM6WQ\tDalas reacciona a La Velada del A침o 5: El combate de los condenados (Grefg v Westcol)\thttps://www.youtube.com/watch?v=hOjJ32bM6WQ\tDalas Review - Live\twas_live		https://www.youtube.com/watch?v=hOjJ32bM6WQ\tDalas reacciona a La Velada del A침o 5: El combate de los condenados (Grefg v Westcol)\thttps://www.youtube.com/watch?v=hOjJ32bM6WQ\tDalas Review - Live\twas_live		
8m757NLsAQE\tDefinici칩n de "ahogarse en un vaso de agua"\thttps://www.youtube.com/watch?v=8m757NLsAQE\tDalas Review - Live\twas_live		https://www.youtube.com/watch?v=8m757NLsAQE\tDefinici칩n de "ahogarse en un vaso de agua"\thttps://www.youtube.com/watch?v=8m757NLsAQE\tDalas Review - Live\twas_live		
RNcvZIu2SF8\tWrixy ha sido rechazada... Os explico lo que est치 pasando!\thttps://www.youtube.com/watch?v=RNcvZIu2SF8\tDalas Review - Live\twas_live		https://www.youtube.com/watch?v=RNcvZIu2SF8\tWrixy ha sido rechazada... Os explico lo que est치 pasando!\thttps://www.youtube.com/watch?v=RNcvZIu2SF8\tDalas Review - Live\twas_live		
SZ73RSP-ddE\tLA ATAC칍 UN GATO POR lo m치s ABSURDO\thttps://www.youtube.com/watch?v=SZ73RSP-ddE\tDalas Review - Live\twas_live		https://www.youtube.com/watch?v=SZ73RSP-ddE\tLA ATAC칍 UN GATO POR lo m치s ABSURDO\thttps://www.youtube.com/watch?v=SZ73RSP-ddE\tDalas Review - Live\twas_live		
sq_MjTrEYGM\tHe quitado Stardeos\thttps://www.youtube.com/watch?v=sq_MjTrEYGM\tDalas Review - Live\twas_live		https://www.youtube.com/watch?v=sq_MjTrEYGM\tHe quitado Stardeos\thttps://www.youtube.com/watch?v=sq_MjTrEYGM\tDalas Review - Live\twas_live		
UMfvERMxmII\tRehice Wrixy ENTERO solito y con m치s funcionalidades en 1 semana (en serio) y PRONTO SALE\thttps://www.youtube.com/watch?v=UMfvERMxmII\tDalas Review - Live\twas_live		https://www.youtube.com/watch?v=UMfvERMxmII\tRehice Wrixy ENTERO solito y con m치s funcionalidades en 1 semana (en serio) y PRONTO SALE\thttps://www.youtube.com/watch?v=UMfvERMxmII\tDalas Review - Live\twas_live		
RwmuaVhm1Tc\tMA칌ANA viene el Anuncio m치s importante de mi carrera\thttps://www.youtube.com/watch?v=RwmuaVhm1Tc\tDalas Review - Live\twas_live		https://www.youtube.com/watch?v=RwmuaVhm1Tc\tMA칌ANA viene el Anuncio m치s importante de mi carrera\thttps://www.youtube.com/watch?v=RwmuaVhm1Tc\tDalas Review - Live\twas_live		
V2ZO1ahSr7Q\tCUIDADO con la Estafa de la Peluquer칤a (y encima lo apoyan)\thttps://www.youtube.com/watch?v=V2ZO1ahSr7Q\tDalas Review - Live\twas_live		https://www.youtube.com/watch?v=V2ZO1ahSr7Q\tCUIDADO con la Estafa de la Peluquer칤a (y encima lo apoyan)\thttps://www.youtube.com/watch?v=V2ZO1ahSr7Q\tDalas Review - Live\twas_live		
eqvwjojvnto\tEl anuncio m치s importante de mi vida se viene en unos d칤as\thttps://www.youtube.com/watch?v=eqvwjojvnto\tDalas Review - Live\twas_live		https://www.youtube.com/watch?v=eqvwjojvnto\tEl anuncio m치s importante de mi vida se viene en unos d칤as\thttps://www.youtube.com/watch?v=eqvwjojvnto\tDalas Review - Live\twas_live		
80pEY-8ldRE\tOtro fracaso Woke de Disney: Iron Heart (Marvel Universe)\thttps://www.youtube.com/watch?v=80pEY-8ldRE\tDalas Review - Live\twas_live		https://www.youtube.com/watch?v=80pEY-8ldRE\tOtro fracaso Woke de Disney: Iron Heart (Marvel Universe)\thttps://www.youtube.com/watch?v=80pEY-8ldRE\tDalas Review - Live\twas_live		
wi4N_aJeJJ8\tEl novio la Grab칩 y demostr칩 lo mal novio que ES\thttps://www.youtube.com/watch?v=wi4N_aJeJJ8\tDalas Review - Live\twas_live		https://www.youtube.com/watch?v=wi4N_aJeJJ8\tEl novio la Grab칩 y demostr칩 lo mal novio que ES\thttps://www.youtube.com/watch?v=wi4N_aJeJJ8\tDalas Review - Live\twas_live		
Yaw_B3s7QAY\tV칤ctima como la de Coscu游꿭 habla de lo que le pas칩 de fiesta\thttps://www.youtube.com/watch?v=Yaw_B3s7QAY\tDalas Review - Live\twas_live		https://www.youtube.com/watch?v=Yaw_B3s7QAY\tV칤ctima como la de Coscu游꿭 habla de lo que le pas칩 de fiesta\thttps://www.youtube.com/watch?v=Yaw_B3s7QAY\tDalas Review - Live\twas_live		
wswYLNMsw3E\tEste fue el CUCK que lo empez칩 todo (Germ치n Garmendia (el estafador) y Vardoc)\thttps://www.youtube.com/watch?v=wswYLNMsw3E\tDalas Review - Live\twas_live		https://www.youtube.com/watch?v=wswYLNMsw3E\tEste fue el CUCK que lo empez칩 todo (Germ치n Garmendia (el estafador) y Vardoc)\thttps://www.youtube.com/watch?v=wswYLNMsw3E\tDalas Review - Live\twas_live		
iZxrz7_bpEw\tLa Rinoplastia le estrope칩 la cara a esta mujer\thttps://www.youtube.com/watch?v=iZxrz7_bpEw\tDalas Review - Live\twas_live		https://www.youtube.com/watch?v=iZxrz7_bpEw\tLa Rinoplastia le estrope칩 la cara a esta mujer\thttps://www.youtube.com/watch?v=iZxrz7_bpEw\tDalas Review - Live\twas_live		
EQBUwgjbUHQ\tDesmiento la entrevista a Vivian de la Torre sobre el caso Valeria M치rquez\thttps://www.youtube.com/watch?v=EQBUwgjbUHQ\tDalas Review - Live\twas_live		https://www.youtube.com/watch?v=EQBUwgjbUHQ\tDesmiento la entrevista a Vivian de la Torre sobre el caso Valeria M치rquez\thttps://www.youtube.com/watch?v=EQBUwgjbUHQ\tDalas Review - Live\twas_live		
r16vKixbyHc\tFarid Dieck debe ser detenido...\thttps://www.youtube.com/watch?v=r16vKixbyHc\tDalas Review - Live\twas_live		https://www.youtube.com/watch?v=r16vKixbyHc\tFarid Dieck debe ser detenido...\thttps://www.youtube.com/watch?v=r16vKixbyHc\tDalas Review - Live\twas_live		
ObpUSCdaKDU\tMis disculpas a Farid Dieck por lo de su novia Jessica Fern치ndez...\thttps://www.youtube.com/watch?v=ObpUSCdaKDU\tDalas Review - Live\twas_live		https://www.youtube.com/watch?v=ObpUSCdaKDU\tMis disculpas a Farid Dieck por lo de su novia Jessica Fern치ndez...\thttps://www.youtube.com/watch?v=ObpUSCdaKDU\tDalas Review - Live\twas_live		
KpoDrWiYuWQ\tFarid Dieck es el m치ximo CUCK con su novia Jessica\thttps://www.youtube.com/watch?v=KpoDrWiYuWQ\tDalas Review - Live\twas_live		https://www.youtube.com/watch?v=KpoDrWiYuWQ\tFarid Dieck es el m치ximo CUCK con su novia Jessica\thttps://www.youtube.com/watch?v=KpoDrWiYuWQ\tDalas Review - Live\twas_live		
Tq7J_4r3q80\tTestigo de Valeria M치rquez sobre Erika es FALSO: Te est치n colando OTRO FAKE\thttps://www.youtube.com/watch?v=Tq7J_4r3q80\tDalas Review - Live\twas_live		https://www.youtube.com/watch?v=Tq7J_4r3q80\tTestigo de Valeria M치rquez sobre Erika es FALSO: Te est치n colando OTRO FAKE\thttps://www.youtube.com/watch?v=Tq7J_4r3q80\tDalas Review - Live\twas_live		
aTu6kMhN_Us\tPuras POL칄MICAS durante 1 hora (pod칠is preguntar lo m치s pol칠mico que quer치is)\thttps://www.youtube.com/watch?v=aTu6kMhN_Us\tDalas Review - Live\twas_live		https://www.youtube.com/watch?v=aTu6kMhN_Us\tPuras POL칄MICAS durante 1 hora (pod칠is preguntar lo m치s pol칠mico que quer치is)\thttps://www.youtube.com/watch?v=aTu6kMhN_Us\tDalas Review - Live\twas_live		
6y5g0Y1nQuE\tLo vamos a dejar...\thttps://www.youtube.com/watch?v=6y5g0Y1nQuE\tDalas Review - Live\twas_live		https://www.youtube.com/watch?v=6y5g0Y1nQuE\tLo vamos a dejar...\thttps://www.youtube.com/watch?v=6y5g0Y1nQuE\tDalas Review - Live\twas_live		
bKSXu8Hz6sQ\tSalen m치s Pruebas: Valeria M치rquez hab칤a discutido con Vivian de la Torre\thttps://www.youtube.com/watch?v=bKSXu8Hz6sQ\tDalas Review - Live\twas_live		https://www.youtube.com/watch?v=bKSXu8Hz6sQ\tSalen m치s Pruebas: Valeria M치rquez hab칤a discutido con Vivian de la Torre\thttps://www.youtube.com/watch?v=bKSXu8Hz6sQ\tDalas Review - Live\twas_live		
WJEJks1vIbI\tLa Amiga de Valeria M치rquez y su comportamiento en los Live Ocultos (Vivian de la Torre)\thttps://www.youtube.com/watch?v=WJEJks1vIbI\tDalas Review - Live\twas_live		https://www.youtube.com/watch?v=WJEJks1vIbI\tLa Amiga de Valeria M치rquez y su comportamiento en los Live Ocultos (Vivian de la Torre)\thttps://www.youtube.com/watch?v=WJEJks1vIbI\tDalas Review - Live\twas_live		
306_xUKRSJM\tLos Live de Valeria M치rquez OCULTOS: An치lisis de lo sucedido con Vivian de la Torre\thttps://www.youtube.com/watch?v=306_xUKRSJM\tDalas Review - Live\twas_live		https://www.youtube.com/watch?v=306_xUKRSJM\tLos Live de Valeria M치rquez OCULTOS: An치lisis de lo sucedido con Vivian de la Torre\thttps://www.youtube.com/watch?v=306_xUKRSJM\tDalas Review - Live\twas_live		
p3J5zJgDCfM\tValeria Marquez: 칄l es culpable (ex novio) y la culpable (amiga) de lo que pas칩 en Zapopan, M칠xico\thttps://www.youtube.com/watch?v=p3J5zJgDCfM\tDalas Review - Live\twas_live		https://www.youtube.com/watch?v=p3J5zJgDCfM\tValeria Marquez: 칄l es culpable (ex novio) y la culpable (amiga) de lo que pas칩 en Zapopan, M칠xico\thttps://www.youtube.com/watch?v=p3J5zJgDCfM\tDalas Review - Live\twas_live		
09CDkGb1osM\tNo tengo nada bueno que decir\thttps://www.youtube.com/watch?v=09CDkGb1osM\tDalas Review - Live\twas_live		https://www.youtube.com/watch?v=09CDkGb1osM\tNo tengo nada bueno que decir\thttps://www.youtube.com/watch?v=09CDkGb1osM\tDalas Review - Live\twas_live		
6ANtL5PDWjU\tJames Charles es un Mentiroso de cuidado y traicion칩 a una amiga bestialmente\thttps://www.youtube.com/watch?v=6ANtL5PDWjU\tDalas Review - Live\twas_live		https://www.youtube.com/watch?v=6ANtL5PDWjU\tJames Charles es un Mentiroso de cuidado y traicion칩 a una amiga bestialmente\thttps://www.youtube.com/watch?v=6ANtL5PDWjU\tDalas Review - Live\twas_live		
Av8_0hJqTMs\tSali칩 mal el primer Tatuaje\thttps://www.youtube.com/watch?v=Av8_0hJqTMs\tDalas Review - Live\twas_live		https://www.youtube.com/watch?v=Av8_0hJqTMs\tSali칩 mal el primer Tatuaje\thttps://www.youtube.com/watch?v=Av8_0hJqTMs\tDalas Review - Live\twas_live		
RdLXkLt86go\tNo est치is preparados para el Debate Dalas vs Naim cap칤tulo 2, est치 muy fuerte\thttps://www.youtube.com/watch?v=RdLXkLt86go\tDalas Review - Live\twas_live		https://www.youtube.com/watch?v=RdLXkLt86go\tNo est치is preparados para el Debate Dalas vs Naim cap칤tulo 2, est치 muy fuerte\thttps://www.youtube.com/watch?v=RdLXkLt86go\tDalas Review - Live\twas_live		
6ht-d8-nPds\tDeja las excusas Westcol, y pon fecha de una vez\thttps://www.youtube.com/watch?v=6ht-d8-nPds\tDalas Review - Live\twas_live		https://www.youtube.com/watch?v=6ht-d8-nPds\tDeja las excusas Westcol, y pon fecha de una vez\thttps://www.youtube.com/watch?v=6ht-d8-nPds\tDalas Review - Live\twas_live		
ep8dfib2ptM\tPedimos el ingreso en Prisi칩n de Mar칤a Rubio (Miare) DELINCUENTE CONDENADA por 5 jueces distintos\thttps://www.youtube.com/watch?v=ep8dfib2ptM\tDalas Review - Live\twas_live		https://www.youtube.com/watch?v=ep8dfib2ptM\tPedimos el ingreso en Prisi칩n de Mar칤a Rubio (Miare) DELINCUENTE CONDENADA por 5 jueces distintos\thttps://www.youtube.com/watch?v=ep8dfib2ptM\tDalas Review - Live\twas_live		
MKysGXmXVlM\tBella Ramsey cerr칩 sus redes por The Last Of Us 2\thttps://www.youtube.com/watch?v=MKysGXmXVlM\tDalas Review - Live\twas_live		https://www.youtube.com/watch?v=MKysGXmXVlM\tBella Ramsey cerr칩 sus redes por The Last Of Us 2\thttps://www.youtube.com/watch?v=MKysGXmXVlM\tDalas Review - Live\twas_live		
EdIsJ0LE9hU\tEl Aikido es una estafa, igual que otras "artes marciales" rid칤culas\thttps://www.youtube.com/watch?v=EdIsJ0LE9hU\tDalas Review - Live\twas_live		https://www.youtube.com/watch?v=EdIsJ0LE9hU\tEl Aikido es una estafa, igual que otras "artes marciales" rid칤culas\thttps://www.youtube.com/watch?v=EdIsJ0LE9hU\tDalas Review - Live\twas_live		
CgfSJFi7W98\tEra guap칤sima pero el feminismo la cambi칩\thttps://www.youtube.com/watch?v=CgfSJFi7W98\tDalas Review - Live\twas_live		https://www.youtube.com/watch?v=CgfSJFi7W98\tEra guap칤sima pero el feminismo la cambi칩\thttps://www.youtube.com/watch?v=CgfSJFi7W98\tDalas Review - Live\twas_live		
eRo30O3UZJQ\tRespondo a los subs de Frank que me odian y 칰ltima vez que hablar칠 de este tema m치s\thttps://www.youtube.com/watch?v=eRo30O3UZJQ\tDalas Review - Live\twas_live		https://www.youtube.com/watch?v=eRo30O3UZJQ\tRespondo a los subs de Frank que me odian y 칰ltima vez que hablar칠 de este tema m치s\thttps://www.youtube.com/watch?v=eRo30O3UZJQ\tDalas Review - Live\twas_live		
X5rAQZ9enPU\tProfesora estuvo con su Alumno de 15 y ahora est치 encarcelada\thttps://www.youtube.com/watch?v=X5rAQZ9enPU\tDalas Review - Live\twas_live		https://www.youtube.com/watch?v=X5rAQZ9enPU\tProfesora estuvo con su Alumno de 15 y ahora est치 encarcelada\thttps://www.youtube.com/watch?v=X5rAQZ9enPU\tDalas Review - Live\twas_live		
b5vlw1Q3cBY\tFrank Cuesta est치 en el hospital por una serpiente que le mordi칩\thttps://www.youtube.com/watch?v=b5vlw1Q3cBY\tDalas Review - Live\twas_live		https://www.youtube.com/watch?v=b5vlw1Q3cBY\tFrank Cuesta est치 en el hospital por una serpiente que le mordi칩\thttps://www.youtube.com/watch?v=b5vlw1Q3cBY\tDalas Review - Live\twas_live		
c7c5LY53SsM\tYo era amigo de Frank Cuesta\thttps://www.youtube.com/watch?v=c7c5LY53SsM\tDalas Review - Live\twas_live		https://www.youtube.com/watch?v=c7c5LY53SsM\tYo era amigo de Frank Cuesta\thttps://www.youtube.com/watch?v=c7c5LY53SsM\tDalas Review - Live\twas_live		
PhAdaoqlvMs\tLe dio un cabezazo a un Tibur칩n XD\thttps://www.youtube.com/watch?v=PhAdaoqlvMs\tDalas Review - Live\twas_live		https://www.youtube.com/watch?v=PhAdaoqlvMs\tLe dio un cabezazo a un Tibur칩n XD\thttps://www.youtube.com/watch?v=PhAdaoqlvMs\tDalas Review - Live\twas_live		
lrKkxu_pCfk\tEsta semana sabremos algo de Argos (por fin)\thttps://www.youtube.com/watch?v=lrKkxu_pCfk\tDalas Review - Live\twas_live		https://www.youtube.com/watch?v=lrKkxu_pCfk\tEsta semana sabremos algo de Argos (por fin)\thttps://www.youtube.com/watch?v=lrKkxu_pCfk\tDalas Review - Live\twas_live		
pRn9OO0e_p8\tImaginas pelear contra este Robot? La futura polic칤a lol\thttps://www.youtube.com/watch?v=pRn9OO0e_p8\tDalas Review - Live\twas_live		https://www.youtube.com/watch?v=pRn9OO0e_p8\tImaginas pelear contra este Robot? La futura polic칤a lol\thttps://www.youtube.com/watch?v=pRn9OO0e_p8\tDalas Review - Live\twas_live		
uqk3FybfDi8\tPronto Argos en casa al fin 游땴\thttps://www.youtube.com/watch?v=uqk3FybfDi8\tDalas Review - Live\twas_live		https://www.youtube.com/watch?v=uqk3FybfDi8\tPronto Argos en casa al fin 游땴\thttps://www.youtube.com/watch?v=uqk3FybfDi8\tDalas Review - Live\twas_live		
Ao0Qu5mw7Rs\tAuron SE RETIRA pronto? Y reaccionamos a cosas realmente interesantes omg\thttps://www.youtube.com/watch?v=Ao0Qu5mw7Rs\tDalas Review - Live\twas_live		https://www.youtube.com/watch?v=Ao0Qu5mw7Rs\tAuron SE RETIRA pronto? Y reaccionamos a cosas realmente interesantes omg\thttps://www.youtube.com/watch?v=Ao0Qu5mw7Rs\tDalas Review - Live\twas_live		
cmbWKMJStMU\tLa verdad sobre la "Abuelita Justiciera" no es lo que te dicen en Redes Sociales\thttps://www.youtube.com/watch?v=cmbWKMJStMU\tDalas Review - Live\twas_live		https://www.youtube.com/watch?v=cmbWKMJStMU\tLa verdad sobre la "Abuelita Justiciera" no es lo que te dicen en Redes Sociales\thttps://www.youtube.com/watch?v=cmbWKMJStMU\tDalas Review - Live\twas_live		
I5AVT_etgVA\tTesla admite que sus coches Explotan OMG y los zurdos enloquecen (mentira)\thttps://www.youtube.com/watch?v=I5AVT_etgVA\tDalas Review - Live\twas_live		https://www.youtube.com/watch?v=I5AVT_etgVA\tTesla admite que sus coches Explotan OMG y los zurdos enloquecen (mentira)\thttps://www.youtube.com/watch?v=I5AVT_etgVA\tDalas Review - Live\twas_live		
ScAxcuhl7gQ\tApple denunciado por Publicidad Enga침osa con Inteligencia Artificial\thttps://www.youtube.com/watch?v=ScAxcuhl7gQ\tDalas Review - Live\twas_live		https://www.youtube.com/watch?v=ScAxcuhl7gQ\tApple denunciado por Publicidad Enga침osa con Inteligencia Artificial\thttps://www.youtube.com/watch?v=ScAxcuhl7gQ\tDalas Review - Live\twas_live		
6wC4EaxiLVA\tBlancanieves merece su Odio por Rachel Zegler (Snow White)\thttps://www.youtube.com/watch?v=6wC4EaxiLVA\tDalas Review - Live\twas_live		https://www.youtube.com/watch?v=6wC4EaxiLVA\tBlancanieves merece su Odio por Rachel Zegler (Snow White)\thttps://www.youtube.com/watch?v=6wC4EaxiLVA\tDalas Review - Live\twas_live		
pXkAOWVgTwE\tRicky Edit A JUICIO por Maltrato a su Exnovia (Confirmado, y pronto sentenciado!)\thttps://www.youtube.com/watch?v=pXkAOWVgTwE\tDalas Review - Live\twas_live		https://www.youtube.com/watch?v=pXkAOWVgTwE\tRicky Edit A JUICIO por Maltrato a su Exnovia (Confirmado, y pronto sentenciado!)\thttps://www.youtube.com/watch?v=pXkAOWVgTwE\tDalas Review - Live\twas_live		
ITOh1ahwi6s\tLlora como un beb칠 por algo de hace 500 a침os (la conquista) y se victimiza como si le hubiera pasado\thttps://www.youtube.com/watch?v=ITOh1ahwi6s\tDalas Review - Live\twas_live		https://www.youtube.com/watch?v=ITOh1ahwi6s\tLlora como un beb칠 por algo de hace 500 a침os (la conquista) y se victimiza como si le hubiera pasado\thttps://www.youtube.com/watch?v=ITOh1ahwi6s\tDalas Review - Live\twas_live		
WAPxCE9g0YU\tMujer Obesa muestra su Compra del Supermercado en Estados Unidos\thttps://www.youtube.com/watch?v=WAPxCE9g0YU\tDalas Review - Live\twas_live		https://www.youtube.com/watch?v=WAPxCE9g0YU\tMujer Obesa muestra su Compra del Supermercado en Estados Unidos\thttps://www.youtube.com/watch?v=WAPxCE9g0YU\tDalas Review - Live\twas_live		
ognmQYhj6PY\tAuron destruye a Westcol llamando a Grefg con el Warrizo\thttps://www.youtube.com/watch?v=ognmQYhj6PY\tDalas Review - Live\twas_live		https://www.youtube.com/watch?v=ognmQYhj6PY\tAuron destruye a Westcol llamando a Grefg con el Warrizo\thttps://www.youtube.com/watch?v=ognmQYhj6PY\tDalas Review - Live\twas_live		
iXJdJlk4p28\tYA HAY FECHA para ver a Argos de nuevo Por FIN\thttps://www.youtube.com/watch?v=iXJdJlk4p28\tDalas Review - Live\twas_live		https://www.youtube.com/watch?v=iXJdJlk4p28\tYA HAY FECHA para ver a Argos de nuevo Por FIN\thttps://www.youtube.com/watch?v=iXJdJlk4p28\tDalas Review - Live\twas_live		
m3R1njPV2kI\tSe enfrenta a Prisi칩n Ricky Edit y ni UN enfermito ha hablado de esto (le denunciaron)\thttps://www.youtube.com/watch?v=m3R1njPV2kI\tDalas Review - Live\twas_live		https://www.youtube.com/watch?v=m3R1njPV2kI\tSe enfrenta a Prisi칩n Ricky Edit y ni UN enfermito ha hablado de esto (le denunciaron)\thttps://www.youtube.com/watch?v=m3R1njPV2kI\tDalas Review - Live\twas_live		
2JPQWe6KOSA\tDebatiendo con la Traidora de Frank Cuesta\thttps://www.youtube.com/watch?v=2JPQWe6KOSA\tDalas Review - Live\twas_live		https://www.youtube.com/watch?v=2JPQWe6KOSA\tDebatiendo con la Traidora de Frank Cuesta\thttps://www.youtube.com/watch?v=2JPQWe6KOSA\tDalas Review - Live\twas_live		
2gzKlzVYNSM\tPedid aqu칤 qu칠 v칤deos quer칠is ver en el canal pr칩ximamente (Temas y eso) Hora de sugerencias!\thttps://www.youtube.com/watch?v=2gzKlzVYNSM\tDalas Review - Live\twas_live		https://www.youtube.com/watch?v=2gzKlzVYNSM\tPedid aqu칤 qu칠 v칤deos quer칠is ver en el canal pr칩ximamente (Temas y eso) Hora de sugerencias!\thttps://www.youtube.com/watch?v=2gzKlzVYNSM\tDalas Review - Live\twas_live		
Cuot4nbj7ew\tNo puedo esperar m치s para ver a Argos 游땴 (esta semana deber칤a saber algo, en teor칤a)\thttps://www.youtube.com/watch?v=Cuot4nbj7ew\tDalas Review - Live\twas_live		https://www.youtube.com/watch?v=Cuot4nbj7ew\tNo puedo esperar m치s para ver a Argos 游땴 (esta semana deber칤a saber algo, en teor칤a)\thttps://www.youtube.com/watch?v=Cuot4nbj7ew\tDalas Review - Live\twas_live		
_5feo7IQ_Pc\tAyudadme a reportar cosas difamatorias porfi (os explico m치s aqu칤)\thttps://www.youtube.com/watch?v=_5feo7IQ_Pc\tDalas Review - Live\twas_live		https://www.youtube.com/watch?v=_5feo7IQ_Pc\tAyudadme a reportar cosas difamatorias porfi (os explico m치s aqu칤)\thttps://www.youtube.com/watch?v=_5feo7IQ_Pc\tDalas Review - Live\twas_live		
BjF8upPOPPY\tEstar칠 s칩lo 1 horita porque estoy cansadito, hablemos de lo que quer치is!\thttps://www.youtube.com/watch?v=BjF8upPOPPY\tDalas Review - Live\twas_live		https://www.youtube.com/watch?v=BjF8upPOPPY\tEstar칠 s칩lo 1 horita porque estoy cansadito, hablemos de lo que quer치is!\thttps://www.youtube.com/watch?v=BjF8upPOPPY\tDalas Review - Live\twas_live		
UowbYYYHmp0\tRespondiendo (con mucha pereza) a m치s difamaciones baratas\thttps://www.youtube.com/watch?v=UowbYYYHmp0\tDalas Review - Live\twas_live		https://www.youtube.com/watch?v=UowbYYYHmp0\tRespondiendo (con mucha pereza) a m치s difamaciones baratas\thttps://www.youtube.com/watch?v=UowbYYYHmp0\tDalas Review - Live\twas_live		
JjzMhyYvQZM\ts칩lo 5 D칤as para recuperar a mi Perro Argos!\thttps://www.youtube.com/watch?v=JjzMhyYvQZM\tDalas Review - Live\twas_live		https://www.youtube.com/watch?v=JjzMhyYvQZM\ts칩lo 5 D칤as para recuperar a mi Perro Argos!\thttps://www.youtube.com/watch?v=JjzMhyYvQZM\tDalas Review - Live\twas_live		
ujBqZQ5OebI\t7 D칤as para ver a mi Perro Argos de nuevo!\thttps://www.youtube.com/watch?v=ujBqZQ5OebI\tDalas Review - Live\twas_live		https://www.youtube.com/watch?v=ujBqZQ5OebI\t7 D칤as para ver a mi Perro Argos de nuevo!\thttps://www.youtube.com/watch?v=ujBqZQ5OebI\tDalas Review - Live\twas_live		
GtBqoN7J-hw\t8 D칤as para recuperar a mi Perro Argos!\thttps://www.youtube.com/watch?v=GtBqoN7J-hw\tDalas Review - Live\twas_live		https://www.youtube.com/watch?v=GtBqoN7J-hw\t8 D칤as para recuperar a mi Perro Argos!\thttps://www.youtube.com/watch?v=GtBqoN7J-hw\tDalas Review - Live\twas_live		
HBh7gk1ZIJE\tquedan 9 D칤as para ver a mi Perro Argos de nuevo!!\thttps://www.youtube.com/watch?v=HBh7gk1ZIJE\tDalas Review - Live\twas_live		https://www.youtube.com/watch?v=HBh7gk1ZIJE\tquedan 9 D칤as para ver a mi Perro Argos de nuevo!!\thttps://www.youtube.com/watch?v=HBh7gk1ZIJE\tDalas Review - Live\twas_live		
hRhrG-jLEkg\tVER칄 A MI PERRO EN 10 D칈AS\thttps://www.youtube.com/watch?v=hRhrG-jLEkg\tDalas Review - Live\twas_live		https://www.youtube.com/watch?v=hRhrG-jLEkg\tVER칄 A MI PERRO EN 10 D칈AS\thttps://www.youtube.com/watch?v=hRhrG-jLEkg\tDalas Review - Live\twas_live		
jfiHS7QJaQM\tUn Spoiler de mi canci칩n que se viene MUY FUERTE (y va a ser una bomba)\thttps://www.youtube.com/watch?v=jfiHS7QJaQM\tDalas Review - Live\twas_live		https://www.youtube.com/watch?v=jfiHS7QJaQM\tUn Spoiler de mi canci칩n que se viene MUY FUERTE (y va a ser una bomba)\thttps://www.youtube.com/watch?v=jfiHS7QJaQM\tDalas Review - Live\twas_live		
-h4tOF0wl6k\tHe rescatado a un gatito en la calle (estoy busc치ndole familia)\thttps://www.youtube.com/watch?v=-h4tOF0wl6k\tDalas Review - Live\twas_live		https://www.youtube.com/watch?v=-h4tOF0wl6k\tHe rescatado a un gatito en la calle (estoy busc치ndole familia)\thttps://www.youtube.com/watch?v=-h4tOF0wl6k\tDalas Review - Live\twas_live		
NNi4FgIsKXQ\tSe burl칩 de los hombres Feos y Recibi칩 una Lecci칩n (Reaccionando a TikToks absurdos)\thttps://www.youtube.com/watch?v=NNi4FgIsKXQ\tDalas Review - Live\twas_live		https://www.youtube.com/watch?v=NNi4FgIsKXQ\tSe burl칩 de los hombres Feos y Recibi칩 una Lecci칩n (Reaccionando a TikToks absurdos)\thttps://www.youtube.com/watch?v=NNi4FgIsKXQ\tDalas Review - Live\twas_live		
GVCmOV-wAns\tEl Supermercado en EEUU te Enferma: 4 litros de Mayonesa (Reaccionando a TikToks absurdos)\thttps://www.youtube.com/watch?v=GVCmOV-wAns\tDalas Review - Live\twas_live		https://www.youtube.com/watch?v=GVCmOV-wAns\tEl Supermercado en EEUU te Enferma: 4 litros de Mayonesa (Reaccionando a TikToks absurdos)\thttps://www.youtube.com/watch?v=GVCmOV-wAns\tDalas Review - Live\twas_live		
XbuEz_ZFJ9k\tQu칠 edad ten칤as cuando descubriste esto? (Reaccionando a TikToks absurdos)\thttps://www.youtube.com/watch?v=XbuEz_ZFJ9k\tDalas Review - Live\twas_live		https://www.youtube.com/watch?v=XbuEz_ZFJ9k\tQu칠 edad ten칤as cuando descubriste esto? (Reaccionando a TikToks absurdos)\thttps://www.youtube.com/watch?v=XbuEz_ZFJ9k\tDalas Review - Live\twas_live		
BiyZDVm6J24\tEl peor "arreglo" de Tatuaje que vi (Reaccionando a TikToks absurdos)\thttps://www.youtube.com/watch?v=BiyZDVm6J24\tDalas Review - Live\twas_live		https://www.youtube.com/watch?v=BiyZDVm6J24\tEl peor "arreglo" de Tatuaje que vi (Reaccionando a TikToks absurdos)\thttps://www.youtube.com/watch?v=BiyZDVm6J24\tDalas Review - Live\twas_live		
-9xGC1_HJ_w\tNoche de chisme y consejitos con vosotros (contadme vuestros chismes a ver cu치l me sorprende m치s!)\thttps://www.youtube.com/watch?v=-9xGC1_HJ_w\tDalas Review - Live\twas_live		https://www.youtube.com/watch?v=-9xGC1_HJ_w\tNoche de chisme y consejitos con vosotros (contadme vuestros chismes a ver cu치l me sorprende m치s!)\thttps://www.youtube.com/watch?v=-9xGC1_HJ_w\tDalas Review - Live\twas_live		
d0wvfSNZPAw\tTr치gica noticia causada por un anti-Trump (Zurdos anti Trump con Dalas)\thttps://www.youtube.com/watch?v=d0wvfSNZPAw\tDalas Review - Live\twas_live		https://www.youtube.com/watch?v=d0wvfSNZPAw\tTr치gica noticia causada por un anti-Trump (Zurdos anti Trump con Dalas)\thttps://www.youtube.com/watch?v=d0wvfSNZPAw\tDalas Review - Live\twas_live		
xYJMoi5EVJg\tVemos lloros Zurdos en Directo! (Reaccionando a l치grimas progres anti Trump con Dalas)\thttps://www.youtube.com/watch?v=xYJMoi5EVJg\tDalas Review - Live\twas_live		https://www.youtube.com/watch?v=xYJMoi5EVJg\tVemos lloros Zurdos en Directo! (Reaccionando a l치grimas progres anti Trump con Dalas)\thttps://www.youtube.com/watch?v=xYJMoi5EVJg\tDalas Review - Live\twas_live		
ePC9SoCwRFg\tGAN칍 Trump! Vemos lloros Zurdos en Directo! (Reaccionando a l치grimas progres con Dalas)\thttps://www.youtube.com/watch?v=ePC9SoCwRFg\tDalas Review - Live\twas_live		https://www.youtube.com/watch?v=ePC9SoCwRFg\tGAN칍 Trump! Vemos lloros Zurdos en Directo! (Reaccionando a l치grimas progres con Dalas)\thttps://www.youtube.com/watch?v=ePC9SoCwRFg\tDalas Review - Live\twas_live		
bLMQejs51tA\tRecuento de Votos USA En Directo con Dalas (Trump vs Kamala)\thttps://www.youtube.com/watch?v=bLMQejs51tA\tDalas Review - Live\twas_live		https://www.youtube.com/watch?v=bLMQejs51tA\tRecuento de Votos USA En Directo con Dalas (Trump vs Kamala)\thttps://www.youtube.com/watch?v=bLMQejs51tA\tDalas Review - Live\twas_live		
2b2Orh2Mhwo\tHoli, hoy es mi cumple 游봋游꾹游꾿\thttps://www.youtube.com/watch?v=2b2Orh2Mhwo\tDalas Review - Live\twas_live		https://www.youtube.com/watch?v=2b2Orh2Mhwo\tHoli, hoy es mi cumple 游봋游꾹游꾿\thttps://www.youtube.com/watch?v=2b2Orh2Mhwo\tDalas Review - Live\twas_live		
-pGyFENXKbU\tDalas DEBATE contra el Ricky Edit (Rickyfort Fimosit) EN DIRECTO\thttps://www.youtube.com/watch?v=-pGyFENXKbU\tDalas Review - Live\twas_live		https://www.youtube.com/watch?v=-pGyFENXKbU\tDalas DEBATE contra el Ricky Edit (Rickyfort Fimosit) EN DIRECTO\thttps://www.youtube.com/watch?v=-pGyFENXKbU\tDalas Review - Live\twas_live		
8a1fVGlZ9dg\tJuan y Ari anunciar치n DIVORCIO (exploramos a fondo el caso) y se viene mi v칤deo de Doomentio\thttps://www.youtube.com/watch?v=8a1fVGlZ9dg\tDalas Review - Live\twas_live		https://www.youtube.com/watch?v=8a1fVGlZ9dg\tJuan y Ari anunciar치n DIVORCIO (exploramos a fondo el caso) y se viene mi v칤deo de Doomentio\thttps://www.youtube.com/watch?v=8a1fVGlZ9dg\tDalas Review - Live\twas_live		
kMxFHi-tdKc\tDalas criticando La Velada en Directo con amigos 游뱎 Tanta hipocres칤a junta 游뱌 (pa que hablen)\thttps://www.youtube.com/watch?v=kMxFHi-tdKc\tDalas Review - Live\twas_live		https://www.youtube.com/watch?v=kMxFHi-tdKc\tDalas criticando La Velada en Directo con amigos 游뱎 Tanta hipocres칤a junta 游뱌 (pa que hablen)\thttps://www.youtube.com/watch?v=kMxFHi-tdKc\tDalas Review - Live\twas_live		
ehef-oNLnAM\tDalas con la V칤ctima de Dama G EN VIVO hablando de la feminista de los Osos vs Hombres\thttps://www.youtube.com/watch?v=ehef-oNLnAM\tDalas Review - Live\twas_live		https://www.youtube.com/watch?v=ehef-oNLnAM\tDalas con la V칤ctima de Dama G EN VIVO hablando de la feminista de los Osos vs Hombres\thttps://www.youtube.com/watch?v=ehef-oNLnAM\tDalas Review - Live\twas_live		
e0yrCffmKU0\tLIVE Dalas Vs La TikToker Feminista de los Osos vs Hombres\thttps://www.youtube.com/watch?v=e0yrCffmKU0\tDalas Review - Live\twas_live		https://www.youtube.com/watch?v=e0yrCffmKU0\tLIVE Dalas Vs La TikToker Feminista de los Osos vs Hombres\thttps://www.youtube.com/watch?v=e0yrCffmKU0\tDalas Review - Live\twas_live		
TkiLXshctnI\tTODO lo que Debes Saber sobre LA CLAVE de PAMBI (importante)\thttps://www.youtube.com/watch?v=TkiLXshctnI\tDalas Review - Live\twas_live		https://www.youtube.com/watch?v=TkiLXshctnI\tTODO lo que Debes Saber sobre LA CLAVE de PAMBI (importante)\thttps://www.youtube.com/watch?v=TkiLXshctnI\tDalas Review - Live\twas_live		
AknvZLUfK2E\tDesmintiendo a los $PAMBI - haters, con pruebas y EN VIVO\thttps://www.youtube.com/watch?v=AknvZLUfK2E\tDalas Review - Live\twas_live		https://www.youtube.com/watch?v=AknvZLUfK2E\tDesmintiendo a los $PAMBI - haters, con pruebas y EN VIVO\thttps://www.youtube.com/watch?v=AknvZLUfK2E\tDalas Review - Live\twas_live		
_N2UQKRrEqI\tEXCLUSIVA: Destapando la Verdad sobre Grefg y su pele칤ta con su "shipeo" 游뱌\thttps://www.youtube.com/watch?v=_N2UQKRrEqI\tDalas Review - Live\twas_live		https://www.youtube.com/watch?v=_N2UQKRrEqI\tEXCLUSIVA: Destapando la Verdad sobre Grefg y su pele칤ta con su "shipeo" 游뱌\thttps://www.youtube.com/watch?v=_N2UQKRrEqI\tDalas Review - Live\twas_live		
XwUiZYc0xx4\tMi novia me quita la barba lloran2 游땴\thttps://www.youtube.com/watch?v=XwUiZYc0xx4\tDalas Review - Live\twas_live		https://www.youtube.com/watch?v=XwUiZYc0xx4\tMi novia me quita la barba lloran2 游땴\thttps://www.youtube.com/watch?v=XwUiZYc0xx4\tDalas Review - Live\twas_live		
1F8zriVQN0g\tSi llegamos a 1,000 en 1h no me corto la barba, pero me la quiero cortar YA 游땴\thttps://www.youtube.com/watch?v=1F8zriVQN0g\tDalas Review - Live\twas_live		https://www.youtube.com/watch?v=1F8zriVQN0g\tSi llegamos a 1,000 en 1h no me corto la barba, pero me la quiero cortar YA 游땴\thttps://www.youtube.com/watch?v=1F8zriVQN0g\tDalas Review - Live\twas_live		
uqUWt8eIKnU\tDalas DEBATE en Vivo con el YouTuber de Roblox que grab칩 a OTRA YouTuber haciendo Ciberqueso con 칠l\thttps://www.youtube.com/watch?v=uqUWt8eIKnU\tDalas Review - Live\twas_live		https://www.youtube.com/watch?v=uqUWt8eIKnU\tDalas DEBATE en Vivo con el YouTuber de Roblox que grab칩 a OTRA YouTuber haciendo Ciberqueso con 칠l\thttps://www.youtube.com/watch?v=uqUWt8eIKnU\tDalas Review - Live\twas_live		
Uk9lBitk6lw\tPreguntas y respuestas de SALSEO con Dalas en Directo 游땙 Modo barba\thttps://www.youtube.com/watch?v=Uk9lBitk6lw\tDalas Review - Live\twas_live		https://www.youtube.com/watch?v=Uk9lBitk6lw\tPreguntas y respuestas de SALSEO con Dalas en Directo 游땙 Modo barba\thttps://www.youtube.com/watch?v=Uk9lBitk6lw\tDalas Review - Live\twas_live		
0HjGY_UdN00\tLa Novia de Westcol A PRISI칍N +13a침os (charla el Abogado que Conden칩 a Westcol sobre Aida Merlano)\thttps://www.youtube.com/watch?v=0HjGY_UdN00\tDalas Review - Live\twas_live		https://www.youtube.com/watch?v=0HjGY_UdN00\tLa Novia de Westcol A PRISI칍N +13a침os (charla el Abogado que Conden칩 a Westcol sobre Aida Merlano)\thttps://www.youtube.com/watch?v=0HjGY_UdN00\tDalas Review - Live\twas_live		
taDBlFnfakg\tDalas游댮rebate a TheGrefg (y adivina todas sus mentiras antes de que las diga)\thttps://www.youtube.com/watch?v=taDBlFnfakg\tDalas Review - Live\twas_live		https://www.youtube.com/watch?v=taDBlFnfakg\tDalas游댮rebate a TheGrefg (y adivina todas sus mentiras antes de que las diga)\thttps://www.youtube.com/watch?v=taDBlFnfakg\tDalas Review - Live\twas_live		
7TtFx9wUUcY\tGANAMOS Denuncia contra TheGrefg (No podr치 echar a la abuela!) y m치s salseos\thttps://www.youtube.com/watch?v=7TtFx9wUUcY\tDalas Review - Live\twas_live		https://www.youtube.com/watch?v=7TtFx9wUUcY\tGANAMOS Denuncia contra TheGrefg (No podr치 echar a la abuela!) y m치s salseos\thttps://www.youtube.com/watch?v=7TtFx9wUUcY\tDalas Review - Live\twas_live		
kD1sRd311IQ\tDalas游댮rebate a Ari Gameplays, a Spreen, a Lia Sikora, a Ricky y a TODOS A LA VEZ, EN DIRECTO!\thttps://www.youtube.com/watch?v=kD1sRd311IQ\tDalas Review - Live\twas_live		https://www.youtube.com/watch?v=kD1sRd311IQ\tDalas游댮rebate a Ari Gameplays, a Spreen, a Lia Sikora, a Ricky y a TODOS A LA VEZ, EN DIRECTO!\thttps://www.youtube.com/watch?v=kD1sRd311IQ\tDalas Review - Live\twas_live		
SHvSN37nyoc\tDalas游댮habla de la relaci칩n de Juan Guarnizo y Ari, El Xokas, Yeri ataca a Cry, Eslands y m치s\thttps://www.youtube.com/watch?v=SHvSN37nyoc\tDalas Review - Live\twas_live		https://www.youtube.com/watch?v=SHvSN37nyoc\tDalas游댮habla de la relaci칩n de Juan Guarnizo y Ari, El Xokas, Yeri ataca a Cry, Eslands y m치s\thttps://www.youtube.com/watch?v=SHvSN37nyoc\tDalas Review - Live\twas_live		
zlrDtkU-gcY\tDalas rebatiendo a Yeri Mua EN DIRECTO (tira la piedra y esconde la mano)\thttps://www.youtube.com/watch?v=zlrDtkU-gcY\tDalas Review - Live\twas_live		https://www.youtube.com/watch?v=zlrDtkU-gcY\tDalas rebatiendo a Yeri Mua EN DIRECTO (tira la piedra y esconde la mano)\thttps://www.youtube.com/watch?v=zlrDtkU-gcY\tDalas Review - Live\twas_live		
Ivp2vnpfiDA\tDalas Vs Daniflow (DEBATE EN VIVO) En directo, sin edici칩n (pronto editado)\thttps://www.youtube.com/watch?v=Ivp2vnpfiDA\tDalas Review - Live\twas_live		https://www.youtube.com/watch?v=Ivp2vnpfiDA\tDalas Vs Daniflow (DEBATE EN VIVO) En directo, sin edici칩n (pronto editado)\thttps://www.youtube.com/watch?v=Ivp2vnpfiDA\tDalas Review - Live\twas_live		
93_HxODN1ZE\tFace Reveal de DALAS REVIEW en Directo 游 mi Nueva Cara tras las cirug칤as\thttps://www.youtube.com/watch?v=93_HxODN1ZE\tDalas Review - Live\twas_live		https://www.youtube.com/watch?v=93_HxODN1ZE\tFace Reveal de DALAS REVIEW en Directo 游 mi Nueva Cara tras las cirug칤as\thttps://www.youtube.com/watch?v=93_HxODN1ZE\tDalas Review - Live\twas_live		
E7TLpbTdgxo\tGRAN REVELACI칍N 游댮 La nueva cara de Dalas Review VTuber (los v칤deos ser치n con ESTE avatar ahora!)\thttps://www.youtube.com/watch?v=E7TLpbTdgxo\tDalas Review - Live\twas_live		https://www.youtube.com/watch?v=E7TLpbTdgxo\tGRAN REVELACI칍N 游댮 La nueva cara de Dalas Review VTuber (los v칤deos ser치n con ESTE avatar ahora!)\thttps://www.youtube.com/watch?v=E7TLpbTdgxo\tDalas Review - Live\twas_live		
SHSTG0n2Lz0\tTras este Live, se viene un v칤deo FUERTE 游댮 Dalas en Directo\thttps://www.youtube.com/watch?v=SHSTG0n2Lz0\tDalas Review - Live\twas_live		https://www.youtube.com/watch?v=SHSTG0n2Lz0\tTras este Live, se viene un v칤deo FUERTE 游댮 Dalas en Directo\thttps://www.youtube.com/watch?v=SHSTG0n2Lz0\tDalas Review - Live\twas_live		
LVo3dsuFsac\tGANAMOS! Pronto ver칠 a mi perro (mira la Descripci칩n para aparecer en Stream) 游댮 Dalas en Directo\thttps://www.youtube.com/watch?v=LVo3dsuFsac\tDalas Review - Live\twas_live		https://www.youtube.com/watch?v=LVo3dsuFsac\tGANAMOS! Pronto ver칠 a mi perro (mira la Descripci칩n para aparecer en Stream) 游댮 Dalas en Directo\thttps://www.youtube.com/watch?v=LVo3dsuFsac\tDalas Review - Live\twas_live		
9GeehKIGsAU\tsi Recurren la Sentencia, les puede caer M츼S CONDENA! (mira la Descripci칩n) 游댮 Dalas en Directo\thttps://www.youtube.com/watch?v=9GeehKIGsAU\tDalas Review - Live\twas_live		https://www.youtube.com/watch?v=9GeehKIGsAU\tsi Recurren la Sentencia, les puede caer M츼S CONDENA! (mira la Descripci칩n) 游댮 Dalas en Directo\thttps://www.youtube.com/watch?v=9GeehKIGsAU\tDalas Review - Live\twas_live		
crIWGKjiZ1k\tLeyendo la sentencia del Juicio que gan칠 de mi perro (Y M츼S INFO SOBRE ARGOS) 游댮 Dalas en Directo\thttps://www.youtube.com/watch?v=crIWGKjiZ1k\tDalas Review - Live\twas_live		https://www.youtube.com/watch?v=crIWGKjiZ1k\tLeyendo la sentencia del Juicio que gan칠 de mi perro (Y M츼S INFO SOBRE ARGOS) 游댮 Dalas en Directo\thttps://www.youtube.com/watch?v=crIWGKjiZ1k\tDalas Review - Live\twas_live		
QVEv99ixtX0\tArgos pronto en casa! 游 Hablemos 游댮 Dalas en Directo\thttps://www.youtube.com/watch?v=QVEv99ixtX0\tDalas Review - Live\twas_live		https://www.youtube.com/watch?v=QVEv99ixtX0\tArgos pronto en casa! 游 Hablemos 游댮 Dalas en Directo\thttps://www.youtube.com/watch?v=QVEv99ixtX0\tDalas Review - Live\twas_live		
Jj-9hr9XJ4s\tDalas Vs. Yeri Mua 游댮 EPISODIO 2: Lo Fuerte (PR칍XIMAMENTE: CARA A CARA con Aar칩n AQU칈)\thttps://www.youtube.com/watch?v=Jj-9hr9XJ4s\tDalas Review - Live\twas_live		https://www.youtube.com/watch?v=Jj-9hr9XJ4s\tDalas Vs. Yeri Mua 游댮 EPISODIO 2: Lo Fuerte (PR칍XIMAMENTE: CARA A CARA con Aar칩n AQU칈)\thttps://www.youtube.com/watch?v=Jj-9hr9XJ4s\tDalas Review - Live\twas_live		
qSLNvJOkn6M\tDalas Vs. Yeri Mua EN DIRECTO 游댮 (parte 1, la parte buena viene MA칌ANA)\thttps://www.youtube.com/watch?v=qSLNvJOkn6M\tDalas Review - Live\twas_live		https://www.youtube.com/watch?v=qSLNvJOkn6M\tDalas Vs. Yeri Mua EN DIRECTO 游댮 (parte 1, la parte buena viene MA칌ANA)\thttps://www.youtube.com/watch?v=qSLNvJOkn6M\tDalas Review - Live\twas_live		
3wlOABk7SW0\tDalas y Lizy EN DIRECTO despu칠s del EPIC v칤deo m치s esperado de internet 游땙\thttps://www.youtube.com/watch?v=3wlOABk7SW0\tDalas Review - Live\twas_live		https://www.youtube.com/watch?v=3wlOABk7SW0\tDalas y Lizy EN DIRECTO despu칠s del EPIC v칤deo m치s esperado de internet 游땙\thttps://www.youtube.com/watch?v=3wlOABk7SW0\tDalas Review - Live\twas_live		
Pmkwh4g_FMQ\t游댮Dalas y Lizy EN DIRECTO: Con vosotros en los estudios de Aliexpress\thttps://www.youtube.com/watch?v=Pmkwh4g_FMQ\tDalas Review - Live\twas_live		https://www.youtube.com/watch?v=Pmkwh4g_FMQ\t游댮Dalas y Lizy EN DIRECTO: Con vosotros en los estudios de Aliexpress\thttps://www.youtube.com/watch?v=Pmkwh4g_FMQ\tDalas Review - Live\twas_live		
a8dnkg6qk00\t游댮 LIVE: Desde Mi Tel칠fono M칩vil!!\thttps://www.youtube.com/watch?v=a8dnkg6qk00\tDalas Review - Live\twas_live		https://www.youtube.com/watch?v=a8dnkg6qk00\t游댮 LIVE: Desde Mi Tel칠fono M칩vil!!\thttps://www.youtube.com/watch?v=a8dnkg6qk00\tDalas Review - Live\twas_live		
h4ADKg5UbD0\tDirecto de PREGUNTAS y respuestas ASMR (Mirar la descripci칩n para participar)\thttps://www.youtube.com/watch?v=h4ADKg5UbD0\tDalas Review - Live\twas_live		https://www.youtube.com/watch?v=h4ADKg5UbD0\tDirecto de PREGUNTAS y respuestas ASMR (Mirar la descripci칩n para participar)\thttps://www.youtube.com/watch?v=h4ADKg5UbD0\tDalas Review - Live\twas_live		
