g2gas5h05IA\tSabadete\thttps://www.youtube.com/watch?v=g2gas5h05IA\tFrank Cuesta - Santuario Libertad - Live\twas_live		https://www.youtube.com/watch?v=g2gas5h05IA\tSabadete\thttps://www.youtube.com/watch?v=g2gas5h05IA\tFrank Cuesta - Santuario Libertad - Live\twas_live		
s3AspvDdFvU\tViernessssssssss2\thttps://www.youtube.com/watch?v=s3AspvDdFvU\tFrank Cuesta - Santuario Libertad - Live\twas_live		https://www.youtube.com/watch?v=s3AspvDdFvU\tViernessssssssss2\thttps://www.youtube.com/watch?v=s3AspvDdFvU\tFrank Cuesta - Santuario Libertad - Live\twas_live		
VmXCE3PKwVI\tViernessssssssss\thttps://www.youtube.com/watch?v=VmXCE3PKwVI\tFrank Cuesta - Santuario Libertad - Live\twas_live		https://www.youtube.com/watch?v=VmXCE3PKwVI\tViernessssssssss\thttps://www.youtube.com/watch?v=VmXCE3PKwVI\tFrank Cuesta - Santuario Libertad - Live\twas_live		
rP8cVviPbIE\tCUMPLEEEEEEEE\thttps://www.youtube.com/watch?v=rP8cVviPbIE\tFrank Cuesta - Santuario Libertad - Live\twas_live		https://www.youtube.com/watch?v=rP8cVviPbIE\tCUMPLEEEEEEEE\thttps://www.youtube.com/watch?v=rP8cVviPbIE\tFrank Cuesta - Santuario Libertad - Live\twas_live		
kFxD_1kwLw8\tmierxolwssssssssssssssssss2\thttps://www.youtube.com/watch?v=kFxD_1kwLw8\tFrank Cuesta - Santuario Libertad - Live\twas_live		https://www.youtube.com/watch?v=kFxD_1kwLw8\tmierxolwssssssssssssssssss2\thttps://www.youtube.com/watch?v=kFxD_1kwLw8\tFrank Cuesta - Santuario Libertad - Live\twas_live		
afxOjCbsL0w\tYa es miercolessssssssssssssssssssssssssssssssssssssssssssss\thttps://www.youtube.com/watch?v=afxOjCbsL0w\tFrank Cuesta - Santuario Libertad - Live\twas_live		https://www.youtube.com/watch?v=afxOjCbsL0w\tYa es miercolessssssssssssssssssssssssssssssssssssssssssssss\thttps://www.youtube.com/watch?v=afxOjCbsL0w\tFrank Cuesta - Santuario Libertad - Live\twas_live		
HcBICpZOvAQ\tMartes\thttps://www.youtube.com/watch?v=HcBICpZOvAQ\tFrank Cuesta - Santuario Libertad - Live\twas_live		https://www.youtube.com/watch?v=HcBICpZOvAQ\tMartes\thttps://www.youtube.com/watch?v=HcBICpZOvAQ\tFrank Cuesta - Santuario Libertad - Live\twas_live		
hfyrvDlvKtQ\tSabadete 2\thttps://www.youtube.com/watch?v=hfyrvDlvKtQ\tFrank Cuesta - Santuario Libertad - Live\twas_live		https://www.youtube.com/watch?v=hfyrvDlvKtQ\tSabadete 2\thttps://www.youtube.com/watch?v=hfyrvDlvKtQ\tFrank Cuesta - Santuario Libertad - Live\twas_live		
3YMSX5t4NqM\tSabadete\thttps://www.youtube.com/watch?v=3YMSX5t4NqM\tFrank Cuesta - Santuario Libertad - Live\twas_live		https://www.youtube.com/watch?v=3YMSX5t4NqM\tSabadete\thttps://www.youtube.com/watch?v=3YMSX5t4NqM\tFrank Cuesta - Santuario Libertad - Live\twas_live		
1Ipp0GiznwY\tVIERNESSSSSSSSSSSSSSS\thttps://www.youtube.com/watch?v=1Ipp0GiznwY\tFrank Cuesta - Santuario Libertad - Live\twas_live		https://www.youtube.com/watch?v=1Ipp0GiznwY\tVIERNESSSSSSSSSSSSSSS\thttps://www.youtube.com/watch?v=1Ipp0GiznwY\tFrank Cuesta - Santuario Libertad - Live\twas_live		
LjTqq3kfZC4\tVamos a liarla parda\thttps://www.youtube.com/watch?v=LjTqq3kfZC4\tFrank Cuesta - Santuario Libertad - Live\twas_live		https://www.youtube.com/watch?v=LjTqq3kfZC4\tVamos a liarla parda\thttps://www.youtube.com/watch?v=LjTqq3kfZC4\tFrank Cuesta - Santuario Libertad - Live\twas_live		
lVe5cYoJ3BI\tMiercoletes de culetes 2\thttps://www.youtube.com/watch?v=lVe5cYoJ3BI\tFrank Cuesta - Santuario Libertad - Live\twas_live		https://www.youtube.com/watch?v=lVe5cYoJ3BI\tMiercoletes de culetes 2\thttps://www.youtube.com/watch?v=lVe5cYoJ3BI\tFrank Cuesta - Santuario Libertad - Live\twas_live		
kGJdlcTwSbA\tMiercoletes de culetes\thttps://www.youtube.com/watch?v=kGJdlcTwSbA\tFrank Cuesta - Santuario Libertad - Live\twas_live		https://www.youtube.com/watch?v=kGJdlcTwSbA\tMiercoletes de culetes\thttps://www.youtube.com/watch?v=kGJdlcTwSbA\tFrank Cuesta - Santuario Libertad - Live\twas_live		
fbiwDr0lPBc\tEse martessssss\thttps://www.youtube.com/watch?v=fbiwDr0lPBc\tFrank Cuesta - Santuario Libertad - Live\twas_live		https://www.youtube.com/watch?v=fbiwDr0lPBc\tEse martessssss\thttps://www.youtube.com/watch?v=fbiwDr0lPBc\tFrank Cuesta - Santuario Libertad - Live\twas_live		
i_2bZ2L5K8Y\tDominguete\thttps://www.youtube.com/watch?v=i_2bZ2L5K8Y\tFrank Cuesta - Santuario Libertad - Live\twas_live		https://www.youtube.com/watch?v=i_2bZ2L5K8Y\tDominguete\thttps://www.youtube.com/watch?v=i_2bZ2L5K8Y\tFrank Cuesta - Santuario Libertad - Live\twas_live		
Kj_i5KzNDfI\tSabadete\thttps://www.youtube.com/watch?v=Kj_i5KzNDfI\tFrank Cuesta - Santuario Libertad - Live\twas_live		https://www.youtube.com/watch?v=Kj_i5KzNDfI\tSabadete\thttps://www.youtube.com/watch?v=Kj_i5KzNDfI\tFrank Cuesta - Santuario Libertad - Live\twas_live		
Nhkgjw1tYwg\t24 horas\thttps://www.youtube.com/watch?v=Nhkgjw1tYwg\tFrank Cuesta - Santuario Libertad - Live\twas_live		https://www.youtube.com/watch?v=Nhkgjw1tYwg\t24 horas\thttps://www.youtube.com/watch?v=Nhkgjw1tYwg\tFrank Cuesta - Santuario Libertad - Live\twas_live		
s7YD3jqJXAk\t24 horas\thttps://www.youtube.com/watch?v=s7YD3jqJXAk\tFrank Cuesta - Santuario Libertad - Live\twas_live		https://www.youtube.com/watch?v=s7YD3jqJXAk\t24 horas\thttps://www.youtube.com/watch?v=s7YD3jqJXAk\tFrank Cuesta - Santuario Libertad - Live\twas_live		
_0hjlDGiIx0\t24 horas\thttps://www.youtube.com/watch?v=_0hjlDGiIx0\tFrank Cuesta - Santuario Libertad - Live\twas_live		https://www.youtube.com/watch?v=_0hjlDGiIx0\t24 horas\thttps://www.youtube.com/watch?v=_0hjlDGiIx0\tFrank Cuesta - Santuario Libertad - Live\twas_live		
DTFxNeNcY3w\t24 horas en directo\thttps://www.youtube.com/watch?v=DTFxNeNcY3w\tFrank Cuesta - Santuario Libertad - Live\twas_live		https://www.youtube.com/watch?v=DTFxNeNcY3w\t24 horas en directo\thttps://www.youtube.com/watch?v=DTFxNeNcY3w\tFrank Cuesta - Santuario Libertad - Live\twas_live		
1YaXh-qNX8o\tmiercolessssssss\thttps://www.youtube.com/watch?v=1YaXh-qNX8o\tFrank Cuesta - Santuario Libertad - Live\twas_live		https://www.youtube.com/watch?v=1YaXh-qNX8o\tmiercolessssssss\thttps://www.youtube.com/watch?v=1YaXh-qNX8o\tFrank Cuesta - Santuario Libertad - Live\twas_live		
crCXukQW7lA\tMartes de sorpresas\thttps://www.youtube.com/watch?v=crCXukQW7lA\tFrank Cuesta - Santuario Libertad - Live\twas_live		https://www.youtube.com/watch?v=crCXukQW7lA\tMartes de sorpresas\thttps://www.youtube.com/watch?v=crCXukQW7lA\tFrank Cuesta - Santuario Libertad - Live\twas_live		
bCrUIVsYdOY\tLunes\thttps://www.youtube.com/watch?v=bCrUIVsYdOY\tFrank Cuesta - Santuario Libertad - Live\twas_live		https://www.youtube.com/watch?v=bCrUIVsYdOY\tLunes\thttps://www.youtube.com/watch?v=bCrUIVsYdOY\tFrank Cuesta - Santuario Libertad - Live\twas_live		
HsQAufVJ92g\tDominguete\thttps://www.youtube.com/watch?v=HsQAufVJ92g\tFrank Cuesta - Santuario Libertad - Live\twas_live		https://www.youtube.com/watch?v=HsQAufVJ92g\tDominguete\thttps://www.youtube.com/watch?v=HsQAufVJ92g\tFrank Cuesta - Santuario Libertad - Live\twas_live		
ocZZSy7Hz2o\tFrank Cuesta - Santuario Libertad is live!\thttps://www.youtube.com/watch?v=ocZZSy7Hz2o\tFrank Cuesta - Santuario Libertad - Live\twas_live		https://www.youtube.com/watch?v=ocZZSy7Hz2o\tFrank Cuesta - Santuario Libertad is live!\thttps://www.youtube.com/watch?v=ocZZSy7Hz2o\tFrank Cuesta - Santuario Libertad - Live\twas_live		
K5YwUF_L1ZE\tJuevessssss\thttps://www.youtube.com/watch?v=K5YwUF_L1ZE\tFrank Cuesta - Santuario Libertad - Live\twas_live		https://www.youtube.com/watch?v=K5YwUF_L1ZE\tJuevessssss\thttps://www.youtube.com/watch?v=K5YwUF_L1ZE\tFrank Cuesta - Santuario Libertad - Live\twas_live		
KCH-mRRkV-k\tLunesssssss\thttps://www.youtube.com/watch?v=KCH-mRRkV-k\tFrank Cuesta - Santuario Libertad - Live\twas_live		https://www.youtube.com/watch?v=KCH-mRRkV-k\tLunesssssss\thttps://www.youtube.com/watch?v=KCH-mRRkV-k\tFrank Cuesta - Santuario Libertad - Live\twas_live		
iWa3q_BFDxo\tEse Domingo\thttps://www.youtube.com/watch?v=iWa3q_BFDxo\tFrank Cuesta - Santuario Libertad - Live\twas_live		https://www.youtube.com/watch?v=iWa3q_BFDxo\tEse Domingo\thttps://www.youtube.com/watch?v=iWa3q_BFDxo\tFrank Cuesta - Santuario Libertad - Live\twas_live		
Oe6oq0aQj-Q\tJUEVESITO\thttps://www.youtube.com/watch?v=Oe6oq0aQj-Q\tFrank Cuesta - Santuario Libertad - Live\twas_live		https://www.youtube.com/watch?v=Oe6oq0aQj-Q\tJUEVESITO\thttps://www.youtube.com/watch?v=Oe6oq0aQj-Q\tFrank Cuesta - Santuario Libertad - Live\twas_live		
shMTiv6odCI\tESE MARTESSSSSS (2)\thttps://www.youtube.com/watch?v=shMTiv6odCI\tFrank Cuesta - Santuario Libertad - Live\twas_live		https://www.youtube.com/watch?v=shMTiv6odCI\tESE MARTESSSSSS (2)\thttps://www.youtube.com/watch?v=shMTiv6odCI\tFrank Cuesta - Santuario Libertad - Live\twas_live		
1McRDN9ihMU\tESE MARTESSSSSS\thttps://www.youtube.com/watch?v=1McRDN9ihMU\tFrank Cuesta - Santuario Libertad - Live\twas_live		https://www.youtube.com/watch?v=1McRDN9ihMU\tESE MARTESSSSSS\thttps://www.youtube.com/watch?v=1McRDN9ihMU\tFrank Cuesta - Santuario Libertad - Live\twas_live		
kw_-2kk2ZhQ\tDomingo de video\thttps://www.youtube.com/watch?v=kw_-2kk2ZhQ\tFrank Cuesta - Santuario Libertad - Live\twas_live		https://www.youtube.com/watch?v=kw_-2kk2ZhQ\tDomingo de video\thttps://www.youtube.com/watch?v=kw_-2kk2ZhQ\tFrank Cuesta - Santuario Libertad - Live\twas_live		
OQRWpKGQchM\tFrank Cuesta - Santuario Libertad is live!\thttps://www.youtube.com/watch?v=OQRWpKGQchM\tFrank Cuesta - Santuario Libertad - Live\twas_live		https://www.youtube.com/watch?v=OQRWpKGQchM\tFrank Cuesta - Santuario Libertad is live!\thttps://www.youtube.com/watch?v=OQRWpKGQchM\tFrank Cuesta - Santuario Libertad - Live\twas_live		
DRwly_NjCuI\tDespertando el domingo\thttps://www.youtube.com/watch?v=DRwly_NjCuI\tFrank Cuesta - Santuario Libertad - Live\twas_live		https://www.youtube.com/watch?v=DRwly_NjCuI\tDespertando el domingo\thttps://www.youtube.com/watch?v=DRwly_NjCuI\tFrank Cuesta - Santuario Libertad - Live\twas_live		
-lbb2mFNJ_s\tDespertandooooo2\thttps://www.youtube.com/watch?v=-lbb2mFNJ_s\tFrank Cuesta - Santuario Libertad - Live\twas_live		https://www.youtube.com/watch?v=-lbb2mFNJ_s\tDespertandooooo2\thttps://www.youtube.com/watch?v=-lbb2mFNJ_s\tFrank Cuesta - Santuario Libertad - Live\twas_live		
wrzn1SClu_0\tDespertandooooo\thttps://www.youtube.com/watch?v=wrzn1SClu_0\tFrank Cuesta - Santuario Libertad - Live\twas_live		https://www.youtube.com/watch?v=wrzn1SClu_0\tDespertandooooo\thttps://www.youtube.com/watch?v=wrzn1SClu_0\tFrank Cuesta - Santuario Libertad - Live\twas_live		
reu280zfo58\tBombazo de ChiSTERA\thttps://www.youtube.com/watch?v=reu280zfo58\tFrank Cuesta - Santuario Libertad - Live\twas_live		https://www.youtube.com/watch?v=reu280zfo58\tBombazo de ChiSTERA\thttps://www.youtube.com/watch?v=reu280zfo58\tFrank Cuesta - Santuario Libertad - Live\twas_live		
a82MuEOpKcM\tLunes de lluvia2\thttps://www.youtube.com/watch?v=a82MuEOpKcM\tFrank Cuesta - Santuario Libertad - Live\twas_live		https://www.youtube.com/watch?v=a82MuEOpKcM\tLunes de lluvia2\thttps://www.youtube.com/watch?v=a82MuEOpKcM\tFrank Cuesta - Santuario Libertad - Live\twas_live		
uCgRJv1ptCI\tLunes de lluvia\thttps://www.youtube.com/watch?v=uCgRJv1ptCI\tFrank Cuesta - Santuario Libertad - Live\twas_live		https://www.youtube.com/watch?v=uCgRJv1ptCI\tLunes de lluvia\thttps://www.youtube.com/watch?v=uCgRJv1ptCI\tFrank Cuesta - Santuario Libertad - Live\twas_live		
6pDbopZeqkk\tDomingoooooo\thttps://www.youtube.com/watch?v=6pDbopZeqkk\tFrank Cuesta - Santuario Libertad - Live\twas_live		https://www.youtube.com/watch?v=6pDbopZeqkk\tDomingoooooo\thttps://www.youtube.com/watch?v=6pDbopZeqkk\tFrank Cuesta - Santuario Libertad - Live\twas_live		
MfK3Xjc4RXA\tese viernesssss\thttps://www.youtube.com/watch?v=MfK3Xjc4RXA\tFrank Cuesta - Santuario Libertad - Live\twas_live		https://www.youtube.com/watch?v=MfK3Xjc4RXA\tese viernesssss\thttps://www.youtube.com/watch?v=MfK3Xjc4RXA\tFrank Cuesta - Santuario Libertad - Live\twas_live		
lxQMmvpk2cw\tJuevesitoooooo\thttps://www.youtube.com/watch?v=lxQMmvpk2cw\tFrank Cuesta - Santuario Libertad - Live\twas_live		https://www.youtube.com/watch?v=lxQMmvpk2cw\tJuevesitoooooo\thttps://www.youtube.com/watch?v=lxQMmvpk2cw\tFrank Cuesta - Santuario Libertad - Live\twas_live		
N8RxFE-Yl8E\tFrank Cuesta - Santuario Libertad is live!\thttps://www.youtube.com/watch?v=N8RxFE-Yl8E\tFrank Cuesta - Santuario Libertad - Live\twas_live		https://www.youtube.com/watch?v=N8RxFE-Yl8E\tFrank Cuesta - Santuario Libertad is live!\thttps://www.youtube.com/watch?v=N8RxFE-Yl8E\tFrank Cuesta - Santuario Libertad - Live\twas_live		
o7A5ntDWA1Y\tmartes\thttps://www.youtube.com/watch?v=o7A5ntDWA1Y\tFrank Cuesta - Santuario Libertad - Live\twas_live		https://www.youtube.com/watch?v=o7A5ntDWA1Y\tmartes\thttps://www.youtube.com/watch?v=o7A5ntDWA1Y\tFrank Cuesta - Santuario Libertad - Live\twas_live		
9mVlImlGL34\tlunesssssssssss\thttps://www.youtube.com/watch?v=9mVlImlGL34\tFrank Cuesta - Santuario Libertad - Live\twas_live		https://www.youtube.com/watch?v=9mVlImlGL34\tlunesssssssssss\thttps://www.youtube.com/watch?v=9mVlImlGL34\tFrank Cuesta - Santuario Libertad - Live\twas_live		
jDWJttvuoGs\tDominguete\thttps://www.youtube.com/watch?v=jDWJttvuoGs\tFrank Cuesta - Santuario Libertad - Live\twas_live		https://www.youtube.com/watch?v=jDWJttvuoGs\tDominguete\thttps://www.youtube.com/watch?v=jDWJttvuoGs\tFrank Cuesta - Santuario Libertad - Live\twas_live		
SMmsZ4HV5pI\tMiercolesssssssssssss\thttps://www.youtube.com/watch?v=SMmsZ4HV5pI\tFrank Cuesta - Santuario Libertad - Live\twas_live		https://www.youtube.com/watch?v=SMmsZ4HV5pI\tMiercolesssssssssssss\thttps://www.youtube.com/watch?v=SMmsZ4HV5pI\tFrank Cuesta - Santuario Libertad - Live\twas_live		
74I_TwxD7I8\tMartesssss\thttps://www.youtube.com/watch?v=74I_TwxD7I8\tFrank Cuesta - Santuario Libertad - Live\twas_live		https://www.youtube.com/watch?v=74I_TwxD7I8\tMartesssss\thttps://www.youtube.com/watch?v=74I_TwxD7I8\tFrank Cuesta - Santuario Libertad - Live\twas_live		
YPy_wZSXE8Q\tEse lunesssssssssssssssss\thttps://www.youtube.com/watch?v=YPy_wZSXE8Q\tFrank Cuesta - Santuario Libertad - Live\twas_live		https://www.youtube.com/watch?v=YPy_wZSXE8Q\tEse lunesssssssssssssssss\thttps://www.youtube.com/watch?v=YPy_wZSXE8Q\tFrank Cuesta - Santuario Libertad - Live\twas_live		
SLgPluC9gDs\tDominguete\thttps://www.youtube.com/watch?v=SLgPluC9gDs\tFrank Cuesta - Santuario Libertad - Live\twas_live		https://www.youtube.com/watch?v=SLgPluC9gDs\tDominguete\thttps://www.youtube.com/watch?v=SLgPluC9gDs\tFrank Cuesta - Santuario Libertad - Live\twas_live		
25MvSjYfNSo\tFrank Cuesta - Santuario Libertad is live!\thttps://www.youtube.com/watch?v=25MvSjYfNSo\tFrank Cuesta - Santuario Libertad - Live\twas_live		https://www.youtube.com/watch?v=25MvSjYfNSo\tFrank Cuesta - Santuario Libertad is live!\thttps://www.youtube.com/watch?v=25MvSjYfNSo\tFrank Cuesta - Santuario Libertad - Live\twas_live		
zZMjA4GNL0g\tFrank Cuesta - Santuario Libertad is live!\thttps://www.youtube.com/watch?v=zZMjA4GNL0g\tFrank Cuesta - Santuario Libertad - Live\twas_live		https://www.youtube.com/watch?v=zZMjA4GNL0g\tFrank Cuesta - Santuario Libertad is live!\thttps://www.youtube.com/watch?v=zZMjA4GNL0g\tFrank Cuesta - Santuario Libertad - Live\twas_live		
gV5nY4XlNoI\tSabadete\thttps://www.youtube.com/watch?v=gV5nY4XlNoI\tFrank Cuesta - Santuario Libertad - Live\twas_live		https://www.youtube.com/watch?v=gV5nY4XlNoI\tSabadete\thttps://www.youtube.com/watch?v=gV5nY4XlNoI\tFrank Cuesta - Santuario Libertad - Live\twas_live		
2DWaSSN_f3Q\tEse Juevessssssssss\thttps://www.youtube.com/watch?v=2DWaSSN_f3Q\tFrank Cuesta - Santuario Libertad - Live\twas_live		https://www.youtube.com/watch?v=2DWaSSN_f3Q\tEse Juevessssssssss\thttps://www.youtube.com/watch?v=2DWaSSN_f3Q\tFrank Cuesta - Santuario Libertad - Live\twas_live		
RwjxAfT0LAM\tEse Miercolesssssssssssssss\thttps://www.youtube.com/watch?v=RwjxAfT0LAM\tFrank Cuesta - Santuario Libertad - Live\twas_live		https://www.youtube.com/watch?v=RwjxAfT0LAM\tEse Miercolesssssssssssssss\thttps://www.youtube.com/watch?v=RwjxAfT0LAM\tFrank Cuesta - Santuario Libertad - Live\twas_live		
LdllvTkz1QQ\tDespertando\thttps://www.youtube.com/watch?v=LdllvTkz1QQ\tFrank Cuesta - Santuario Libertad - Live\twas_live		https://www.youtube.com/watch?v=LdllvTkz1QQ\tDespertando\thttps://www.youtube.com/watch?v=LdllvTkz1QQ\tFrank Cuesta - Santuario Libertad - Live\twas_live		
anVOfqaLfrs\tFrank Cuesta - Santuario Libertad is live!\thttps://www.youtube.com/watch?v=anVOfqaLfrs\tFrank Cuesta - Santuario Libertad - Live\twas_live		https://www.youtube.com/watch?v=anVOfqaLfrs\tFrank Cuesta - Santuario Libertad is live!\thttps://www.youtube.com/watch?v=anVOfqaLfrs\tFrank Cuesta - Santuario Libertad - Live\twas_live		
SPGnS-yFexg\tFrank Cuesta - Santuario Libertad is live!\thttps://www.youtube.com/watch?v=SPGnS-yFexg\tFrank Cuesta - Santuario Libertad - Live\twas_live		https://www.youtube.com/watch?v=SPGnS-yFexg\tFrank Cuesta - Santuario Libertad is live!\thttps://www.youtube.com/watch?v=SPGnS-yFexg\tFrank Cuesta - Santuario Libertad - Live\twas_live		
oEx5Vwf9tvY\tFrank Cuesta - Santuario Libertad is live!\thttps://www.youtube.com/watch?v=oEx5Vwf9tvY\tFrank Cuesta - Santuario Libertad - Live\twas_live		https://www.youtube.com/watch?v=oEx5Vwf9tvY\tFrank Cuesta - Santuario Libertad is live!\thttps://www.youtube.com/watch?v=oEx5Vwf9tvY\tFrank Cuesta - Santuario Libertad - Live\twas_live		
7jXH2f8l8vY\tFrank Cuesta - Santuario Libertad is live!\thttps://www.youtube.com/watch?v=7jXH2f8l8vY\tFrank Cuesta - Santuario Libertad - Live\twas_live		https://www.youtube.com/watch?v=7jXH2f8l8vY\tFrank Cuesta - Santuario Libertad is live!\thttps://www.youtube.com/watch?v=7jXH2f8l8vY\tFrank Cuesta - Santuario Libertad - Live\twas_live		
5P2BUlNoKRo\tFrank Cuesta - Santuario Libertad is live!\thttps://www.youtube.com/watch?v=5P2BUlNoKRo\tFrank Cuesta - Santuario Libertad - Live\twas_live		https://www.youtube.com/watch?v=5P2BUlNoKRo\tFrank Cuesta - Santuario Libertad is live!\thttps://www.youtube.com/watch?v=5P2BUlNoKRo\tFrank Cuesta - Santuario Libertad - Live\twas_live		
3PcX_Wfv38I\tAtardeciendo\thttps://www.youtube.com/watch?v=3PcX_Wfv38I\tFrank Cuesta - Santuario Libertad - Live\twas_live		https://www.youtube.com/watch?v=3PcX_Wfv38I\tAtardeciendo\thttps://www.youtube.com/watch?v=3PcX_Wfv38I\tFrank Cuesta - Santuario Libertad - Live\twas_live		
dUfSFUXmlWQ\tDespertando....\thttps://www.youtube.com/watch?v=dUfSFUXmlWQ\tFrank Cuesta - Santuario Libertad - Live\twas_live		https://www.youtube.com/watch?v=dUfSFUXmlWQ\tDespertando....\thttps://www.youtube.com/watch?v=dUfSFUXmlWQ\tFrank Cuesta - Santuario Libertad - Live\twas_live		
5FFY4BNMLSo\tLluviaaaaa\thttps://www.youtube.com/watch?v=5FFY4BNMLSo\tFrank Cuesta - Santuario Libertad - Live\twas_live		https://www.youtube.com/watch?v=5FFY4BNMLSo\tLluviaaaaa\thttps://www.youtube.com/watch?v=5FFY4BNMLSo\tFrank Cuesta - Santuario Libertad - Live\twas_live		
efzqF-Y8eDw\tHoy, os explico lo que es el antianimalismo.\thttps://www.youtube.com/watch?v=efzqF-Y8eDw\tFrank Cuesta - Santuario Libertad - Live\twas_live		https://www.youtube.com/watch?v=efzqF-Y8eDw\tHoy, os explico lo que es el antianimalismo.\thttps://www.youtube.com/watch?v=efzqF-Y8eDw\tFrank Cuesta - Santuario Libertad - Live\twas_live		
8f4VNVqwHGo\tEse viernes\thttps://www.youtube.com/watch?v=8f4VNVqwHGo\tFrank Cuesta - Santuario Libertad - Live\twas_live		https://www.youtube.com/watch?v=8f4VNVqwHGo\tEse viernes\thttps://www.youtube.com/watch?v=8f4VNVqwHGo\tFrank Cuesta - Santuario Libertad - Live\twas_live		
3ITjWldrP2I\tDirectitoooooo\thttps://www.youtube.com/watch?v=3ITjWldrP2I\tFrank Cuesta - Santuario Libertad - Live\twas_live		https://www.youtube.com/watch?v=3ITjWldrP2I\tDirectitoooooo\thttps://www.youtube.com/watch?v=3ITjWldrP2I\tFrank Cuesta - Santuario Libertad - Live\twas_live		
nG0Ic3hzTio\tESE DOMINGOOOOOO\thttps://www.youtube.com/watch?v=nG0Ic3hzTio\tFrank Cuesta - Santuario Libertad - Live\twas_live		https://www.youtube.com/watch?v=nG0Ic3hzTio\tESE DOMINGOOOOOO\thttps://www.youtube.com/watch?v=nG0Ic3hzTio\tFrank Cuesta - Santuario Libertad - Live\twas_live		
3SoUL_IQ_38\tSe termino bajar la cabeza\thttps://www.youtube.com/watch?v=3SoUL_IQ_38\tFrank Cuesta - Santuario Libertad - Live\twas_live		https://www.youtube.com/watch?v=3SoUL_IQ_38\tSe termino bajar la cabeza\thttps://www.youtube.com/watch?v=3SoUL_IQ_38\tFrank Cuesta - Santuario Libertad - Live\twas_live		
H2l5-POPoWo\tBichos y chismes\thttps://www.youtube.com/watch?v=H2l5-POPoWo\tFrank Cuesta - Santuario Libertad - Live\twas_live		https://www.youtube.com/watch?v=H2l5-POPoWo\tBichos y chismes\thttps://www.youtube.com/watch?v=H2l5-POPoWo\tFrank Cuesta - Santuario Libertad - Live\twas_live		
53BKk74rZYs\tFrank Cuesta - Santuario Libertad is live!\thttps://www.youtube.com/watch?v=53BKk74rZYs\tFrank Cuesta - Santuario Libertad - Live\twas_live		https://www.youtube.com/watch?v=53BKk74rZYs\tFrank Cuesta - Santuario Libertad is live!\thttps://www.youtube.com/watch?v=53BKk74rZYs\tFrank Cuesta - Santuario Libertad - Live\twas_live		
qOl2xoo2PAM\tFrank Cuesta - Santuario Libertad is live!\thttps://www.youtube.com/watch?v=qOl2xoo2PAM\tFrank Cuesta - Santuario Libertad - Live\twas_live		https://www.youtube.com/watch?v=qOl2xoo2PAM\tFrank Cuesta - Santuario Libertad is live!\thttps://www.youtube.com/watch?v=qOl2xoo2PAM\tFrank Cuesta - Santuario Libertad - Live\twas_live		
lagjnAMmScY\tDominguete\thttps://www.youtube.com/watch?v=lagjnAMmScY\tFrank Cuesta - Santuario Libertad - Live\twas_live		https://www.youtube.com/watch?v=lagjnAMmScY\tDominguete\thttps://www.youtube.com/watch?v=lagjnAMmScY\tFrank Cuesta - Santuario Libertad - Live\twas_live		
pUTeKqRMths\tDominguete\thttps://www.youtube.com/watch?v=pUTeKqRMths\tFrank Cuesta - Santuario Libertad - Live\twas_live		https://www.youtube.com/watch?v=pUTeKqRMths\tDominguete\thttps://www.youtube.com/watch?v=pUTeKqRMths\tFrank Cuesta - Santuario Libertad - Live\twas_live		
80WjBtJ1It8\tFrank Cuesta - Santuario Libertad is live!\thttps://www.youtube.com/watch?v=80WjBtJ1It8\tFrank Cuesta - Santuario Libertad - Live\twas_live		https://www.youtube.com/watch?v=80WjBtJ1It8\tFrank Cuesta - Santuario Libertad is live!\thttps://www.youtube.com/watch?v=80WjBtJ1It8\tFrank Cuesta - Santuario Libertad - Live\twas_live		
TDSCdoZhUvY\tFrank Cuesta - Santuario Libertad is live!\thttps://www.youtube.com/watch?v=TDSCdoZhUvY\tFrank Cuesta - Santuario Libertad - Live\twas_live		https://www.youtube.com/watch?v=TDSCdoZhUvY\tFrank Cuesta - Santuario Libertad is live!\thttps://www.youtube.com/watch?v=TDSCdoZhUvY\tFrank Cuesta - Santuario Libertad - Live\twas_live		
8xw9WGr2fYE\tFrank Cuesta - Santuario Libertad is live!\thttps://www.youtube.com/watch?v=8xw9WGr2fYE\tFrank Cuesta - Santuario Libertad - Live\twas_live		https://www.youtube.com/watch?v=8xw9WGr2fYE\tFrank Cuesta - Santuario Libertad is live!\thttps://www.youtube.com/watch?v=8xw9WGr2fYE\tFrank Cuesta - Santuario Libertad - Live\twas_live		
Pi_4oQtL4U4\tEs viernesssssssssssssssssss\thttps://www.youtube.com/watch?v=Pi_4oQtL4U4\tFrank Cuesta - Santuario Libertad - Live\twas_live		https://www.youtube.com/watch?v=Pi_4oQtL4U4\tEs viernesssssssssssssssssss\thttps://www.youtube.com/watch?v=Pi_4oQtL4U4\tFrank Cuesta - Santuario Libertad - Live\twas_live		
qmkST2FWgdA\tNOTICIA\thttps://www.youtube.com/watch?v=qmkST2FWgdA\tFrank Cuesta - Santuario Libertad - Live\twas_live		https://www.youtube.com/watch?v=qmkST2FWgdA\tNOTICIA\thttps://www.youtube.com/watch?v=qmkST2FWgdA\tFrank Cuesta - Santuario Libertad - Live\twas_live		
5L6Syk6NSWY\tDIRECTAZO\thttps://www.youtube.com/watch?v=5L6Syk6NSWY\tFrank Cuesta - Santuario Libertad - Live\twas_live		https://www.youtube.com/watch?v=5L6Syk6NSWY\tDIRECTAZO\thttps://www.youtube.com/watch?v=5L6Syk6NSWY\tFrank Cuesta - Santuario Libertad - Live\twas_live		
jC7_5oVzLRg\tESE MIERCOLESSSSSSSSSSSSSS\thttps://www.youtube.com/watch?v=jC7_5oVzLRg\tFrank Cuesta - Santuario Libertad - Live\twas_live		https://www.youtube.com/watch?v=jC7_5oVzLRg\tESE MIERCOLESSSSSSSSSSSSSS\thttps://www.youtube.com/watch?v=jC7_5oVzLRg\tFrank Cuesta - Santuario Libertad - Live\twas_live		
GK-d9FYFlOA\tDomingo dominguete\thttps://www.youtube.com/watch?v=GK-d9FYFlOA\tFrank Cuesta - Santuario Libertad - Live\twas_live		https://www.youtube.com/watch?v=GK-d9FYFlOA\tDomingo dominguete\thttps://www.youtube.com/watch?v=GK-d9FYFlOA\tFrank Cuesta - Santuario Libertad - Live\twas_live		
GuDQJI55GPw\tEse domingo\thttps://www.youtube.com/watch?v=GuDQJI55GPw\tFrank Cuesta - Santuario Libertad - Live\twas_live		https://www.youtube.com/watch?v=GuDQJI55GPw\tEse domingo\thttps://www.youtube.com/watch?v=GuDQJI55GPw\tFrank Cuesta - Santuario Libertad - Live\twas_live		
6vULoZgpp0A\tSabadete\thttps://www.youtube.com/watch?v=6vULoZgpp0A\tFrank Cuesta - Santuario Libertad - Live\twas_live		https://www.youtube.com/watch?v=6vULoZgpp0A\tSabadete\thttps://www.youtube.com/watch?v=6vULoZgpp0A\tFrank Cuesta - Santuario Libertad - Live\twas_live		
t8dEJFrRiuk\tYa es juvevesss3\thttps://www.youtube.com/watch?v=t8dEJFrRiuk\tFrank Cuesta - Santuario Libertad - Live\twas_live		https://www.youtube.com/watch?v=t8dEJFrRiuk\tYa es juvevesss3\thttps://www.youtube.com/watch?v=t8dEJFrRiuk\tFrank Cuesta - Santuario Libertad - Live\twas_live		
Wt94cLvFBnY\tYa es juvevesss2\thttps://www.youtube.com/watch?v=Wt94cLvFBnY\tFrank Cuesta - Santuario Libertad - Live\twas_live		https://www.youtube.com/watch?v=Wt94cLvFBnY\tYa es juvevesss2\thttps://www.youtube.com/watch?v=Wt94cLvFBnY\tFrank Cuesta - Santuario Libertad - Live\twas_live		
Mt_eUpO0E3E\tYa es juvevesss\thttps://www.youtube.com/watch?v=Mt_eUpO0E3E\tFrank Cuesta - Santuario Libertad - Live\twas_live		https://www.youtube.com/watch?v=Mt_eUpO0E3E\tYa es juvevesss\thttps://www.youtube.com/watch?v=Mt_eUpO0E3E\tFrank Cuesta - Santuario Libertad - Live\twas_live		
GJrretAWMqY\tMartes....no te cases\thttps://www.youtube.com/watch?v=GJrretAWMqY\tFrank Cuesta - Santuario Libertad - Live\twas_live		https://www.youtube.com/watch?v=GJrretAWMqY\tMartes....no te cases\thttps://www.youtube.com/watch?v=GJrretAWMqY\tFrank Cuesta - Santuario Libertad - Live\twas_live		
P-r6JdRM4yk\tDe vuelta\thttps://www.youtube.com/watch?v=P-r6JdRM4yk\tFrank Cuesta - Santuario Libertad - Live\twas_live		https://www.youtube.com/watch?v=P-r6JdRM4yk\tDe vuelta\thttps://www.youtube.com/watch?v=P-r6JdRM4yk\tFrank Cuesta - Santuario Libertad - Live\twas_live		
6bkuRJ3-6WY\tSabadete\thttps://www.youtube.com/watch?v=6bkuRJ3-6WY\tFrank Cuesta - Santuario Libertad - Live\twas_live		https://www.youtube.com/watch?v=6bkuRJ3-6WY\tSabadete\thttps://www.youtube.com/watch?v=6bkuRJ3-6WY\tFrank Cuesta - Santuario Libertad - Live\twas_live		
_YgUaC-l5fU\tViernessssssssssssssssssssss\thttps://www.youtube.com/watch?v=_YgUaC-l5fU\tFrank Cuesta - Santuario Libertad - Live\twas_live		https://www.youtube.com/watch?v=_YgUaC-l5fU\tViernessssssssssssssssssssss\thttps://www.youtube.com/watch?v=_YgUaC-l5fU\tFrank Cuesta - Santuario Libertad - Live\twas_live		
umhFuVqRTI8\tJuevessssssssssssssssss\thttps://www.youtube.com/watch?v=umhFuVqRTI8\tFrank Cuesta - Santuario Libertad - Live\twas_live		https://www.youtube.com/watch?v=umhFuVqRTI8\tJuevessssssssssssssssss\thttps://www.youtube.com/watch?v=umhFuVqRTI8\tFrank Cuesta - Santuario Libertad - Live\twas_live		
QfTkHCcEFCA\tDomingo de tardecita\thttps://www.youtube.com/watch?v=QfTkHCcEFCA\tFrank Cuesta - Santuario Libertad - Live\twas_live		https://www.youtube.com/watch?v=QfTkHCcEFCA\tDomingo de tardecita\thttps://www.youtube.com/watch?v=QfTkHCcEFCA\tFrank Cuesta - Santuario Libertad - Live\twas_live		
Ga7KLGcoiTw\tDomingo de domingo\thttps://www.youtube.com/watch?v=Ga7KLGcoiTw\tFrank Cuesta - Santuario Libertad - Live\twas_live		https://www.youtube.com/watch?v=Ga7KLGcoiTw\tDomingo de domingo\thttps://www.youtube.com/watch?v=Ga7KLGcoiTw\tFrank Cuesta - Santuario Libertad - Live\twas_live		
3826Gx4rBaU\tSabado sabadete, cena y cacahuete\thttps://www.youtube.com/watch?v=3826Gx4rBaU\tFrank Cuesta - Santuario Libertad - Live\twas_live		https://www.youtube.com/watch?v=3826Gx4rBaU\tSabado sabadete, cena y cacahuete\thttps://www.youtube.com/watch?v=3826Gx4rBaU\tFrank Cuesta - Santuario Libertad - Live\twas_live		
vELtgpYPOo8\tEse miercolessssssssssssssssssssss\thttps://www.youtube.com/watch?v=vELtgpYPOo8\tFrank Cuesta - Santuario Libertad - Live\twas_live		https://www.youtube.com/watch?v=vELtgpYPOo8\tEse miercolessssssssssssssssssssss\thttps://www.youtube.com/watch?v=vELtgpYPOo8\tFrank Cuesta - Santuario Libertad - Live\twas_live		
oLOw4xMUN-Y\tHoy se terminan las amenazas\thttps://www.youtube.com/watch?v=oLOw4xMUN-Y\tFrank Cuesta - Santuario Libertad - Live\twas_live		https://www.youtube.com/watch?v=oLOw4xMUN-Y\tHoy se terminan las amenazas\thttps://www.youtube.com/watch?v=oLOw4xMUN-Y\tFrank Cuesta - Santuario Libertad - Live\twas_live		
giCAr6HSAYk\tDespertando el sabado\thttps://www.youtube.com/watch?v=giCAr6HSAYk\tFrank Cuesta - Santuario Libertad - Live\twas_live		https://www.youtube.com/watch?v=giCAr6HSAYk\tDespertando el sabado\thttps://www.youtube.com/watch?v=giCAr6HSAYk\tFrank Cuesta - Santuario Libertad - Live\twas_live		
msqFV4AFkxg\tViernes de AYUDA\thttps://www.youtube.com/watch?v=msqFV4AFkxg\tFrank Cuesta - Santuario Libertad - Live\twas_live		https://www.youtube.com/watch?v=msqFV4AFkxg\tViernes de AYUDA\thttps://www.youtube.com/watch?v=msqFV4AFkxg\tFrank Cuesta - Santuario Libertad - Live\twas_live		
l8ybNv8wb-M\tJueves de sorpresas gratas\thttps://www.youtube.com/watch?v=l8ybNv8wb-M\tFrank Cuesta - Santuario Libertad - Live\twas_live		https://www.youtube.com/watch?v=l8ybNv8wb-M\tJueves de sorpresas gratas\thttps://www.youtube.com/watch?v=l8ybNv8wb-M\tFrank Cuesta - Santuario Libertad - Live\twas_live		
VLLMbjvsATw\tMiercoles2\thttps://www.youtube.com/watch?v=VLLMbjvsATw\tFrank Cuesta - Santuario Libertad - Live\twas_live		https://www.youtube.com/watch?v=VLLMbjvsATw\tMiercoles2\thttps://www.youtube.com/watch?v=VLLMbjvsATw\tFrank Cuesta - Santuario Libertad - Live\twas_live		
cYVkHgm57o8\tMiercoles\thttps://www.youtube.com/watch?v=cYVkHgm57o8\tFrank Cuesta - Santuario Libertad - Live\twas_live		https://www.youtube.com/watch?v=cYVkHgm57o8\tMiercoles\thttps://www.youtube.com/watch?v=cYVkHgm57o8\tFrank Cuesta - Santuario Libertad - Live\twas_live		
hDnFr_QaWb4\tDespertando el martes\thttps://www.youtube.com/watch?v=hDnFr_QaWb4\tFrank Cuesta - Santuario Libertad - Live\twas_live		https://www.youtube.com/watch?v=hDnFr_QaWb4\tDespertando el martes\thttps://www.youtube.com/watch?v=hDnFr_QaWb4\tFrank Cuesta - Santuario Libertad - Live\twas_live		
jKnrLXp28fg\tLunesssssssssssssssss\thttps://www.youtube.com/watch?v=jKnrLXp28fg\tFrank Cuesta - Santuario Libertad - Live\twas_live		https://www.youtube.com/watch?v=jKnrLXp28fg\tLunesssssssssssssssss\thttps://www.youtube.com/watch?v=jKnrLXp28fg\tFrank Cuesta - Santuario Libertad - Live\twas_live		
PMOktdRd8ck\tEse domingoooooo\thttps://www.youtube.com/watch?v=PMOktdRd8ck\tFrank Cuesta - Santuario Libertad - Live\twas_live		https://www.youtube.com/watch?v=PMOktdRd8ck\tEse domingoooooo\thttps://www.youtube.com/watch?v=PMOktdRd8ck\tFrank Cuesta - Santuario Libertad - Live\twas_live		
9YlFFaEPf-Q\tViernes (2)\thttps://www.youtube.com/watch?v=9YlFFaEPf-Q\tFrank Cuesta - Santuario Libertad - Live\twas_live		https://www.youtube.com/watch?v=9YlFFaEPf-Q\tViernes (2)\thttps://www.youtube.com/watch?v=9YlFFaEPf-Q\tFrank Cuesta - Santuario Libertad - Live\twas_live		
fXAZG_2YIxY\tDespertando el viernes\thttps://www.youtube.com/watch?v=fXAZG_2YIxY\tFrank Cuesta - Santuario Libertad - Live\twas_live		https://www.youtube.com/watch?v=fXAZG_2YIxY\tDespertando el viernes\thttps://www.youtube.com/watch?v=fXAZG_2YIxY\tFrank Cuesta - Santuario Libertad - Live\twas_live		
ICW-oSoPJlI\tJueves (2)\thttps://www.youtube.com/watch?v=ICW-oSoPJlI\tFrank Cuesta - Santuario Libertad - Live\twas_live		https://www.youtube.com/watch?v=ICW-oSoPJlI\tJueves (2)\thttps://www.youtube.com/watch?v=ICW-oSoPJlI\tFrank Cuesta - Santuario Libertad - Live\twas_live		
5Iuv78y7kQs\tJuevesssssssssssssssssss\thttps://www.youtube.com/watch?v=5Iuv78y7kQs\tFrank Cuesta - Santuario Libertad - Live\twas_live		https://www.youtube.com/watch?v=5Iuv78y7kQs\tJuevesssssssssssssssssss\thttps://www.youtube.com/watch?v=5Iuv78y7kQs\tFrank Cuesta - Santuario Libertad - Live\twas_live		
Wi-52S1zBTo\tMiercoles2\thttps://www.youtube.com/watch?v=Wi-52S1zBTo\tFrank Cuesta - Santuario Libertad - Live\twas_live		https://www.youtube.com/watch?v=Wi-52S1zBTo\tMiercoles2\thttps://www.youtube.com/watch?v=Wi-52S1zBTo\tFrank Cuesta - Santuario Libertad - Live\twas_live		
iv8GVDEBchs\tEse Miercolessssssssssssssssss\thttps://www.youtube.com/watch?v=iv8GVDEBchs\tFrank Cuesta - Santuario Libertad - Live\twas_live		https://www.youtube.com/watch?v=iv8GVDEBchs\tEse Miercolessssssssssssssssss\thttps://www.youtube.com/watch?v=iv8GVDEBchs\tFrank Cuesta - Santuario Libertad - Live\twas_live		
AnVMWgOm3Ws\tDespertando el martes\thttps://www.youtube.com/watch?v=AnVMWgOm3Ws\tFrank Cuesta - Santuario Libertad - Live\twas_live		https://www.youtube.com/watch?v=AnVMWgOm3Ws\tDespertando el martes\thttps://www.youtube.com/watch?v=AnVMWgOm3Ws\tFrank Cuesta - Santuario Libertad - Live\twas_live		
FqdSe2i67OY\tEse lunes\thttps://www.youtube.com/watch?v=FqdSe2i67OY\tFrank Cuesta - Santuario Libertad - Live\twas_live		https://www.youtube.com/watch?v=FqdSe2i67OY\tEse lunes\thttps://www.youtube.com/watch?v=FqdSe2i67OY\tFrank Cuesta - Santuario Libertad - Live\twas_live		
GpT6u7mQ7rU\tQue es un santuario??\thttps://www.youtube.com/watch?v=GpT6u7mQ7rU\tFrank Cuesta - Santuario Libertad - Live\twas_live		https://www.youtube.com/watch?v=GpT6u7mQ7rU\tQue es un santuario??\thttps://www.youtube.com/watch?v=GpT6u7mQ7rU\tFrank Cuesta - Santuario Libertad - Live\twas_live		
9CUquMaal_g\tEse sabadooooooooo\thttps://www.youtube.com/watch?v=9CUquMaal_g\tFrank Cuesta - Santuario Libertad - Live\twas_live		https://www.youtube.com/watch?v=9CUquMaal_g\tEse sabadooooooooo\thttps://www.youtube.com/watch?v=9CUquMaal_g\tFrank Cuesta - Santuario Libertad - Live\twas_live		
hACy0FDYfqk\tQue triste todo esto!!!! Pero hay que seguir con la vida\thttps://www.youtube.com/watch?v=hACy0FDYfqk\tFrank Cuesta - Santuario Libertad - Live\twas_live		https://www.youtube.com/watch?v=hACy0FDYfqk\tQue triste todo esto!!!! Pero hay que seguir con la vida\thttps://www.youtube.com/watch?v=hACy0FDYfqk\tFrank Cuesta - Santuario Libertad - Live\twas_live		
T-xVzRs3NkY\tMiercoles de cenizos\thttps://www.youtube.com/watch?v=T-xVzRs3NkY\tFrank Cuesta - Santuario Libertad - Live\twas_live		https://www.youtube.com/watch?v=T-xVzRs3NkY\tMiercoles de cenizos\thttps://www.youtube.com/watch?v=T-xVzRs3NkY\tFrank Cuesta - Santuario Libertad - Live\twas_live		
9deeB_c0QHY\tDespertando el martes\thttps://www.youtube.com/watch?v=9deeB_c0QHY\tFrank Cuesta - Santuario Libertad - Live\twas_live		https://www.youtube.com/watch?v=9deeB_c0QHY\tDespertando el martes\thttps://www.youtube.com/watch?v=9deeB_c0QHY\tFrank Cuesta - Santuario Libertad - Live\twas_live		
up__tQLa80M\tYa es Lunessssssssssssssssssss\thttps://www.youtube.com/watch?v=up__tQLa80M\tFrank Cuesta - Santuario Libertad - Live\twas_live		https://www.youtube.com/watch?v=up__tQLa80M\tYa es Lunessssssssssssssssssss\thttps://www.youtube.com/watch?v=up__tQLa80M\tFrank Cuesta - Santuario Libertad - Live\twas_live		
TmdMebmyTHI\tDominguete\thttps://www.youtube.com/watch?v=TmdMebmyTHI\tFrank Cuesta - Santuario Libertad - Live\twas_live		https://www.youtube.com/watch?v=TmdMebmyTHI\tDominguete\thttps://www.youtube.com/watch?v=TmdMebmyTHI\tFrank Cuesta - Santuario Libertad - Live\twas_live		
_xNUXzqJYn4\tSabadorito 2\thttps://www.youtube.com/watch?v=_xNUXzqJYn4\tFrank Cuesta - Santuario Libertad - Live\twas_live		https://www.youtube.com/watch?v=_xNUXzqJYn4\tSabadorito 2\thttps://www.youtube.com/watch?v=_xNUXzqJYn4\tFrank Cuesta - Santuario Libertad - Live\twas_live		
3rsD6W6mcEo\tSabadorito\thttps://www.youtube.com/watch?v=3rsD6W6mcEo\tFrank Cuesta - Santuario Libertad - Live\twas_live		https://www.youtube.com/watch?v=3rsD6W6mcEo\tSabadorito\thttps://www.youtube.com/watch?v=3rsD6W6mcEo\tFrank Cuesta - Santuario Libertad - Live\twas_live		
wneeg9vhONs\tExplicacion del video de hoy\thttps://www.youtube.com/watch?v=wneeg9vhONs\tFrank Cuesta - Santuario Libertad - Live\twas_live		https://www.youtube.com/watch?v=wneeg9vhONs\tExplicacion del video de hoy\thttps://www.youtube.com/watch?v=wneeg9vhONs\tFrank Cuesta - Santuario Libertad - Live\twas_live		
xzMvCQLFPK0\tSabadete largooooooo\thttps://www.youtube.com/watch?v=xzMvCQLFPK0\tFrank Cuesta - Santuario Libertad - Live\twas_live		https://www.youtube.com/watch?v=xzMvCQLFPK0\tSabadete largooooooo\thttps://www.youtube.com/watch?v=xzMvCQLFPK0\tFrank Cuesta - Santuario Libertad - Live\twas_live		
JvN_43cssgs\tEse martes\thttps://www.youtube.com/watch?v=JvN_43cssgs\tFrank Cuesta - Santuario Libertad - Live\twas_live		https://www.youtube.com/watch?v=JvN_43cssgs\tEse martes\thttps://www.youtube.com/watch?v=JvN_43cssgs\tFrank Cuesta - Santuario Libertad - Live\twas_live		
ltyoFahcAog\tLunesssssssssssssss\thttps://www.youtube.com/watch?v=ltyoFahcAog\tFrank Cuesta - Santuario Libertad - Live\twas_live		https://www.youtube.com/watch?v=ltyoFahcAog\tLunesssssssssssssss\thttps://www.youtube.com/watch?v=ltyoFahcAog\tFrank Cuesta - Santuario Libertad - Live\twas_live		
-JFTYm9gEdo\tDominguete\thttps://www.youtube.com/watch?v=-JFTYm9gEdo\tFrank Cuesta - Santuario Libertad - Live\twas_live		https://www.youtube.com/watch?v=-JFTYm9gEdo\tDominguete\thttps://www.youtube.com/watch?v=-JFTYm9gEdo\tFrank Cuesta - Santuario Libertad - Live\twas_live		
5V9CO_n5aM0\tEse sabadete2\thttps://www.youtube.com/watch?v=5V9CO_n5aM0\tFrank Cuesta - Santuario Libertad - Live\twas_live		https://www.youtube.com/watch?v=5V9CO_n5aM0\tEse sabadete2\thttps://www.youtube.com/watch?v=5V9CO_n5aM0\tFrank Cuesta - Santuario Libertad - Live\twas_live		
sfWwFCZGtww\tEse sabadete\thttps://www.youtube.com/watch?v=sfWwFCZGtww\tFrank Cuesta - Santuario Libertad - Live\twas_live		https://www.youtube.com/watch?v=sfWwFCZGtww\tEse sabadete\thttps://www.youtube.com/watch?v=sfWwFCZGtww\tFrank Cuesta - Santuario Libertad - Live\twas_live		
hLOdbhkmLkc\tAclarando temas\thttps://www.youtube.com/watch?v=hLOdbhkmLkc\tFrank Cuesta - Santuario Libertad - Live\twas_live		https://www.youtube.com/watch?v=hLOdbhkmLkc\tAclarando temas\thttps://www.youtube.com/watch?v=hLOdbhkmLkc\tFrank Cuesta - Santuario Libertad - Live\twas_live		
4A71rvaGHtY\tEse sabadete\thttps://www.youtube.com/watch?v=4A71rvaGHtY\tFrank Cuesta - Santuario Libertad - Live\twas_live		https://www.youtube.com/watch?v=4A71rvaGHtY\tEse sabadete\thttps://www.youtube.com/watch?v=4A71rvaGHtY\tFrank Cuesta - Santuario Libertad - Live\twas_live		
RkkcnQDe0Xs\tDomingo despertando\thttps://www.youtube.com/watch?v=RkkcnQDe0Xs\tFrank Cuesta - Santuario Libertad - Live\twas_live		https://www.youtube.com/watch?v=RkkcnQDe0Xs\tDomingo despertando\thttps://www.youtube.com/watch?v=RkkcnQDe0Xs\tFrank Cuesta - Santuario Libertad - Live\twas_live		
P9dcFd3g1sQ\tMartes con Paloma1\thttps://www.youtube.com/watch?v=P9dcFd3g1sQ\tFrank Cuesta - Santuario Libertad - Live\twas_live		https://www.youtube.com/watch?v=P9dcFd3g1sQ\tMartes con Paloma1\thttps://www.youtube.com/watch?v=P9dcFd3g1sQ\tFrank Cuesta - Santuario Libertad - Live\twas_live		
a06ymnMkG6A\tEs martes...no te cases\thttps://www.youtube.com/watch?v=a06ymnMkG6A\tFrank Cuesta - Santuario Libertad - Live\twas_live		https://www.youtube.com/watch?v=a06ymnMkG6A\tEs martes...no te cases\thttps://www.youtube.com/watch?v=a06ymnMkG6A\tFrank Cuesta - Santuario Libertad - Live\twas_live		
PxmGoawtwpE\tDominguete\thttps://www.youtube.com/watch?v=PxmGoawtwpE\tFrank Cuesta - Santuario Libertad - Live\twas_live		https://www.youtube.com/watch?v=PxmGoawtwpE\tDominguete\thttps://www.youtube.com/watch?v=PxmGoawtwpE\tFrank Cuesta - Santuario Libertad - Live\twas_live		
xVXmbM1sdXk\tNi habeis podido, ni podreis...\thttps://www.youtube.com/watch?v=xVXmbM1sdXk\tFrank Cuesta - Santuario Libertad - Live\twas_live		https://www.youtube.com/watch?v=xVXmbM1sdXk\tNi habeis podido, ni podreis...\thttps://www.youtube.com/watch?v=xVXmbM1sdXk\tFrank Cuesta - Santuario Libertad - Live\twas_live		
3mybA7oW8-0\tBuenos diassssssssssssss\thttps://www.youtube.com/watch?v=3mybA7oW8-0\tFrank Cuesta - Santuario Libertad - Live\twas_live		https://www.youtube.com/watch?v=3mybA7oW8-0\tBuenos diassssssssssssss\thttps://www.youtube.com/watch?v=3mybA7oW8-0\tFrank Cuesta - Santuario Libertad - Live\twas_live		
G3has0ZfzxU\tDirectazo de miercoles2\thttps://www.youtube.com/watch?v=G3has0ZfzxU\tFrank Cuesta - Santuario Libertad - Live\twas_live		https://www.youtube.com/watch?v=G3has0ZfzxU\tDirectazo de miercoles2\thttps://www.youtube.com/watch?v=G3has0ZfzxU\tFrank Cuesta - Santuario Libertad - Live\twas_live		
WO1w2fbgIp4\tDirectazo de miercoles\thttps://www.youtube.com/watch?v=WO1w2fbgIp4\tFrank Cuesta - Santuario Libertad - Live\twas_live		https://www.youtube.com/watch?v=WO1w2fbgIp4\tDirectazo de miercoles\thttps://www.youtube.com/watch?v=WO1w2fbgIp4\tFrank Cuesta - Santuario Libertad - Live\twas_live		
mblIos8FWXo\tYa es lunessssssssssss\thttps://www.youtube.com/watch?v=mblIos8FWXo\tFrank Cuesta - Santuario Libertad - Live\twas_live		https://www.youtube.com/watch?v=mblIos8FWXo\tYa es lunessssssssssss\thttps://www.youtube.com/watch?v=mblIos8FWXo\tFrank Cuesta - Santuario Libertad - Live\twas_live		
N7qQ_FcJ8Os\tese Miercoles2\thttps://www.youtube.com/watch?v=N7qQ_FcJ8Os\tFrank Cuesta - Santuario Libertad - Live\twas_live		https://www.youtube.com/watch?v=N7qQ_FcJ8Os\tese Miercoles2\thttps://www.youtube.com/watch?v=N7qQ_FcJ8Os\tFrank Cuesta - Santuario Libertad - Live\twas_live		
rtdSGioHzfY\tese Miercoles\thttps://www.youtube.com/watch?v=rtdSGioHzfY\tFrank Cuesta - Santuario Libertad - Live\twas_live		https://www.youtube.com/watch?v=rtdSGioHzfY\tese Miercoles\thttps://www.youtube.com/watch?v=rtdSGioHzfY\tFrank Cuesta - Santuario Libertad - Live\twas_live		
oxjEOLbruMM\tDominguete\thttps://www.youtube.com/watch?v=oxjEOLbruMM\tFrank Cuesta - Santuario Libertad - Live\twas_live		https://www.youtube.com/watch?v=oxjEOLbruMM\tDominguete\thttps://www.youtube.com/watch?v=oxjEOLbruMM\tFrank Cuesta - Santuario Libertad - Live\twas_live		
RNOCt5aGKZs\tEse viernessssssssssssss\thttps://www.youtube.com/watch?v=RNOCt5aGKZs\tFrank Cuesta - Santuario Libertad - Live\twas_live		https://www.youtube.com/watch?v=RNOCt5aGKZs\tEse viernessssssssssssss\thttps://www.youtube.com/watch?v=RNOCt5aGKZs\tFrank Cuesta - Santuario Libertad - Live\twas_live		
_TdskeG9UrM\tDespertando....\thttps://www.youtube.com/watch?v=_TdskeG9UrM\tFrank Cuesta - Santuario Libertad - Live\twas_live		https://www.youtube.com/watch?v=_TdskeG9UrM\tDespertando....\thttps://www.youtube.com/watch?v=_TdskeG9UrM\tFrank Cuesta - Santuario Libertad - Live\twas_live		
ehDg3-xW6f0\tLUNES DE.....\thttps://www.youtube.com/watch?v=ehDg3-xW6f0\tFrank Cuesta - Santuario Libertad - Live\twas_live		https://www.youtube.com/watch?v=ehDg3-xW6f0\tLUNES DE.....\thttps://www.youtube.com/watch?v=ehDg3-xW6f0\tFrank Cuesta - Santuario Libertad - Live\twas_live		
iC9QTwojLO8\tMiercoletessssss\thttps://www.youtube.com/watch?v=iC9QTwojLO8\tFrank Cuesta - Santuario Libertad - Live\twas_live		https://www.youtube.com/watch?v=iC9QTwojLO8\tMiercoletessssss\thttps://www.youtube.com/watch?v=iC9QTwojLO8\tFrank Cuesta - Santuario Libertad - Live\twas_live		
Hv9cnVCFXdg\tMiercoletes\thttps://www.youtube.com/watch?v=Hv9cnVCFXdg\tFrank Cuesta - Santuario Libertad - Live\twas_live		https://www.youtube.com/watch?v=Hv9cnVCFXdg\tMiercoletes\thttps://www.youtube.com/watch?v=Hv9cnVCFXdg\tFrank Cuesta - Santuario Libertad - Live\twas_live		
B-3n2EORP3M\tNot that way...\thttps://www.youtube.com/watch?v=B-3n2EORP3M\tFrank Cuesta - Santuario Libertad - Live\twas_live		https://www.youtube.com/watch?v=B-3n2EORP3M\tNot that way...\thttps://www.youtube.com/watch?v=B-3n2EORP3M\tFrank Cuesta - Santuario Libertad - Live\twas_live		
PFSVNaSKOSc\tDomingo de espera\thttps://www.youtube.com/watch?v=PFSVNaSKOSc\tFrank Cuesta - Santuario Libertad - Live\twas_live		https://www.youtube.com/watch?v=PFSVNaSKOSc\tDomingo de espera\thttps://www.youtube.com/watch?v=PFSVNaSKOSc\tFrank Cuesta - Santuario Libertad - Live\twas_live		
YstnRPYt_jo\tEse viernes (2)\thttps://www.youtube.com/watch?v=YstnRPYt_jo\tFrank Cuesta - Santuario Libertad - Live\twas_live		https://www.youtube.com/watch?v=YstnRPYt_jo\tEse viernes (2)\thttps://www.youtube.com/watch?v=YstnRPYt_jo\tFrank Cuesta - Santuario Libertad - Live\twas_live		
5FEhExs_uJs\tEse viernes\thttps://www.youtube.com/watch?v=5FEhExs_uJs\tFrank Cuesta - Santuario Libertad - Live\twas_live		https://www.youtube.com/watch?v=5FEhExs_uJs\tEse viernes\thttps://www.youtube.com/watch?v=5FEhExs_uJs\tFrank Cuesta - Santuario Libertad - Live\twas_live		
xqqnB0qczk4\tCansado\thttps://www.youtube.com/watch?v=xqqnB0qczk4\tFrank Cuesta - Santuario Libertad - Live\twas_live		https://www.youtube.com/watch?v=xqqnB0qczk4\tCansado\thttps://www.youtube.com/watch?v=xqqnB0qczk4\tFrank Cuesta - Santuario Libertad - Live\twas_live		
PXWRMkEc7QQ\tEse viernesssssssssssssss\thttps://www.youtube.com/watch?v=PXWRMkEc7QQ\tFrank Cuesta - Santuario Libertad - Live\twas_live		https://www.youtube.com/watch?v=PXWRMkEc7QQ\tEse viernesssssssssssssss\thttps://www.youtube.com/watch?v=PXWRMkEc7QQ\tFrank Cuesta - Santuario Libertad - Live\twas_live		
fHwcykoRrfc\tPerros y niños mimados\thttps://www.youtube.com/watch?v=fHwcykoRrfc\tFrank Cuesta - Santuario Libertad - Live\twas_live		https://www.youtube.com/watch?v=fHwcykoRrfc\tPerros y niños mimados\thttps://www.youtube.com/watch?v=fHwcykoRrfc\tFrank Cuesta - Santuario Libertad - Live\twas_live		
rqaENHLtCBo\tDominguete\thttps://www.youtube.com/watch?v=rqaENHLtCBo\tFrank Cuesta - Santuario Libertad - Live\twas_live		https://www.youtube.com/watch?v=rqaENHLtCBo\tDominguete\thttps://www.youtube.com/watch?v=rqaENHLtCBo\tFrank Cuesta - Santuario Libertad - Live\twas_live		
wLq1IBK--nY\tDalas, el perro y la miadre que lo pario\thttps://www.youtube.com/watch?v=wLq1IBK--nY\tFrank Cuesta - Santuario Libertad - Live\twas_live		https://www.youtube.com/watch?v=wLq1IBK--nY\tDalas, el perro y la miadre que lo pario\thttps://www.youtube.com/watch?v=wLq1IBK--nY\tFrank Cuesta - Santuario Libertad - Live\twas_live		
LEDOlrwAH1s\tDominguete\thttps://www.youtube.com/watch?v=LEDOlrwAH1s\tFrank Cuesta - Santuario Libertad - Live\twas_live		https://www.youtube.com/watch?v=LEDOlrwAH1s\tDominguete\thttps://www.youtube.com/watch?v=LEDOlrwAH1s\tFrank Cuesta - Santuario Libertad - Live\twas_live		
n3Nagrme8vY\t24 HORAS EN DIRECTO DESDE EL SANTUARIO (4)\thttps://www.youtube.com/watch?v=n3Nagrme8vY\tFrank Cuesta - Santuario Libertad - Live\twas_live		https://www.youtube.com/watch?v=n3Nagrme8vY\t24 HORAS EN DIRECTO DESDE EL SANTUARIO (4)\thttps://www.youtube.com/watch?v=n3Nagrme8vY\tFrank Cuesta - Santuario Libertad - Live\twas_live		
_OqbBHk-s-Q\t24 HORAS EN DIRECTO DESDE EL SANTUARIO (3)\thttps://www.youtube.com/watch?v=_OqbBHk-s-Q\tFrank Cuesta - Santuario Libertad - Live\twas_live		https://www.youtube.com/watch?v=_OqbBHk-s-Q\t24 HORAS EN DIRECTO DESDE EL SANTUARIO (3)\thttps://www.youtube.com/watch?v=_OqbBHk-s-Q\tFrank Cuesta - Santuario Libertad - Live\twas_live		
drHG-RscwVM\t24 HORAS EN DIRECTO DESDE EL SANTUARIO (2)\thttps://www.youtube.com/watch?v=drHG-RscwVM\tFrank Cuesta - Santuario Libertad - Live\twas_live		https://www.youtube.com/watch?v=drHG-RscwVM\t24 HORAS EN DIRECTO DESDE EL SANTUARIO (2)\thttps://www.youtube.com/watch?v=drHG-RscwVM\tFrank Cuesta - Santuario Libertad - Live\twas_live		
jfXuYW2S6VI\tVamos que es viernesssssssssssssssss\thttps://www.youtube.com/watch?v=jfXuYW2S6VI\tFrank Cuesta - Santuario Libertad - Live\twas_live		https://www.youtube.com/watch?v=jfXuYW2S6VI\tVamos que es viernesssssssssssssssss\thttps://www.youtube.com/watch?v=jfXuYW2S6VI\tFrank Cuesta - Santuario Libertad - Live\twas_live		
JfriSqm1ETc\tESE DOMINGO\thttps://www.youtube.com/watch?v=JfriSqm1ETc\tFrank Cuesta - Santuario Libertad - Live\twas_live		https://www.youtube.com/watch?v=JfriSqm1ETc\tESE DOMINGO\thttps://www.youtube.com/watch?v=JfriSqm1ETc\tFrank Cuesta - Santuario Libertad - Live\twas_live		
HleeCjlaBsk\tSabado de tardecita\thttps://www.youtube.com/watch?v=HleeCjlaBsk\tFrank Cuesta - Santuario Libertad - Live\twas_live		https://www.youtube.com/watch?v=HleeCjlaBsk\tSabado de tardecita\thttps://www.youtube.com/watch?v=HleeCjlaBsk\tFrank Cuesta - Santuario Libertad - Live\twas_live		
0DeO7lIMFjA\tSabado de tardecita\thttps://www.youtube.com/watch?v=0DeO7lIMFjA\tFrank Cuesta - Santuario Libertad - Live\twas_live		https://www.youtube.com/watch?v=0DeO7lIMFjA\tSabado de tardecita\thttps://www.youtube.com/watch?v=0DeO7lIMFjA\tFrank Cuesta - Santuario Libertad - Live\twas_live		
kASx6wlFo4A\tDespertando sabadete\thttps://www.youtube.com/watch?v=kASx6wlFo4A\tFrank Cuesta - Santuario Libertad - Live\twas_live		https://www.youtube.com/watch?v=kASx6wlFo4A\tDespertando sabadete\thttps://www.youtube.com/watch?v=kASx6wlFo4A\tFrank Cuesta - Santuario Libertad - Live\twas_live		
N87gp5LNxmc\tDespertando\thttps://www.youtube.com/watch?v=N87gp5LNxmc\tFrank Cuesta - Santuario Libertad - Live\twas_live		https://www.youtube.com/watch?v=N87gp5LNxmc\tDespertando\thttps://www.youtube.com/watch?v=N87gp5LNxmc\tFrank Cuesta - Santuario Libertad - Live\twas_live		
6-PA8KaWUvw\tBuenos diassss\thttps://www.youtube.com/watch?v=6-PA8KaWUvw\tFrank Cuesta - Santuario Libertad - Live\twas_live		https://www.youtube.com/watch?v=6-PA8KaWUvw\tBuenos diassss\thttps://www.youtube.com/watch?v=6-PA8KaWUvw\tFrank Cuesta - Santuario Libertad - Live\twas_live		
RNfwS_2ZFBY\tDespertando el domingo\thttps://www.youtube.com/watch?v=RNfwS_2ZFBY\tFrank Cuesta - Santuario Libertad - Live\twas_live		https://www.youtube.com/watch?v=RNfwS_2ZFBY\tDespertando el domingo\thttps://www.youtube.com/watch?v=RNfwS_2ZFBY\tFrank Cuesta - Santuario Libertad - Live\twas_live		
q-NbyB95u-M\tJugando al juego del santuario (primera vez jugando a un juego en mi vida)\thttps://www.youtube.com/watch?v=q-NbyB95u-M\tFrank Cuesta - Santuario Libertad - Live\twas_live		https://www.youtube.com/watch?v=q-NbyB95u-M\tJugando al juego del santuario (primera vez jugando a un juego en mi vida)\thttps://www.youtube.com/watch?v=q-NbyB95u-M\tFrank Cuesta - Santuario Libertad - Live\twas_live		
_Yq75__qllM\tEsperando bichetes\thttps://www.youtube.com/watch?v=_Yq75__qllM\tFrank Cuesta - Santuario Libertad - Live\twas_live		https://www.youtube.com/watch?v=_Yq75__qllM\tEsperando bichetes\thttps://www.youtube.com/watch?v=_Yq75__qllM\tFrank Cuesta - Santuario Libertad - Live\twas_live		
ZAFbex-SIn4\tSabadete\thttps://www.youtube.com/watch?v=ZAFbex-SIn4\tFrank Cuesta - Santuario Libertad - Live\twas_live		https://www.youtube.com/watch?v=ZAFbex-SIn4\tSabadete\thttps://www.youtube.com/watch?v=ZAFbex-SIn4\tFrank Cuesta - Santuario Libertad - Live\twas_live		
dcUjmRp4Qlg\tEse sabadeteeeeee\thttps://www.youtube.com/watch?v=dcUjmRp4Qlg\tFrank Cuesta - Santuario Libertad - Live\twas_live		https://www.youtube.com/watch?v=dcUjmRp4Qlg\tEse sabadeteeeeee\thttps://www.youtube.com/watch?v=dcUjmRp4Qlg\tFrank Cuesta - Santuario Libertad - Live\twas_live		
QJv_Bm994D4\tDaniel Sancho, Pedro Sanchez y denuncias no tan anonimas\thttps://www.youtube.com/watch?v=QJv_Bm994D4\tFrank Cuesta - Santuario Libertad - Live\twas_live		https://www.youtube.com/watch?v=QJv_Bm994D4\tDaniel Sancho, Pedro Sanchez y denuncias no tan anonimas\thttps://www.youtube.com/watch?v=QJv_Bm994D4\tFrank Cuesta - Santuario Libertad - Live\twas_live		
Mlhx_mplb-k\tMovimiento tempranero\thttps://www.youtube.com/watch?v=Mlhx_mplb-k\tFrank Cuesta - Santuario Libertad - Live\twas_live		https://www.youtube.com/watch?v=Mlhx_mplb-k\tMovimiento tempranero\thttps://www.youtube.com/watch?v=Mlhx_mplb-k\tFrank Cuesta - Santuario Libertad - Live\twas_live		
odG20zlv6yA\tFeliz dia de Reyes!!!\thttps://www.youtube.com/watch?v=odG20zlv6yA\tFrank Cuesta - Santuario Libertad - Live\twas_live		https://www.youtube.com/watch?v=odG20zlv6yA\tFeliz dia de Reyes!!!\thttps://www.youtube.com/watch?v=odG20zlv6yA\tFrank Cuesta - Santuario Libertad - Live\twas_live		
wDrzjyQJOWk\t`Despertando un sabado\thttps://www.youtube.com/watch?v=wDrzjyQJOWk\tFrank Cuesta - Santuario Libertad - Live\twas_live		https://www.youtube.com/watch?v=wDrzjyQJOWk\t`Despertando un sabado\thttps://www.youtube.com/watch?v=wDrzjyQJOWk\tFrank Cuesta - Santuario Libertad - Live\twas_live		
82aZeAFkU-o\tA veces te dan ganas de dejarlo todo\thttps://www.youtube.com/watch?v=82aZeAFkU-o\tFrank Cuesta - Santuario Libertad - Live\twas_live		https://www.youtube.com/watch?v=82aZeAFkU-o\tA veces te dan ganas de dejarlo todo\thttps://www.youtube.com/watch?v=82aZeAFkU-o\tFrank Cuesta - Santuario Libertad - Live\twas_live		
B9Actb4cnlc\tResumen del 2024\thttps://www.youtube.com/watch?v=B9Actb4cnlc\tFrank Cuesta - Santuario Libertad - Live\twas_live		https://www.youtube.com/watch?v=B9Actb4cnlc\tResumen del 2024\thttps://www.youtube.com/watch?v=B9Actb4cnlc\tFrank Cuesta - Santuario Libertad - Live\twas_live		
0SRuBnzoQKs\tDia de los inocentes en directo\thttps://www.youtube.com/watch?v=0SRuBnzoQKs\tFrank Cuesta - Santuario Libertad - Live\twas_live		https://www.youtube.com/watch?v=0SRuBnzoQKs\tDia de los inocentes en directo\thttps://www.youtube.com/watch?v=0SRuBnzoQKs\tFrank Cuesta - Santuario Libertad - Live\twas_live		
iXIS77pCjJ4\tDia 24 amaneciendo\thttps://www.youtube.com/watch?v=iXIS77pCjJ4\tFrank Cuesta - Santuario Libertad - Live\twas_live		https://www.youtube.com/watch?v=iXIS77pCjJ4\tDia 24 amaneciendo\thttps://www.youtube.com/watch?v=iXIS77pCjJ4\tFrank Cuesta - Santuario Libertad - Live\twas_live		
yATy6Sl18-k\tDominguete\thttps://www.youtube.com/watch?v=yATy6Sl18-k\tFrank Cuesta - Santuario Libertad - Live\twas_live		https://www.youtube.com/watch?v=yATy6Sl18-k\tDominguete\thttps://www.youtube.com/watch?v=yATy6Sl18-k\tFrank Cuesta - Santuario Libertad - Live\twas_live		
CyHfWxw4CRY\tDespertando aqui....\thttps://www.youtube.com/watch?v=CyHfWxw4CRY\tFrank Cuesta - Santuario Libertad - Live\twas_live		https://www.youtube.com/watch?v=CyHfWxw4CRY\tDespertando aqui....\thttps://www.youtube.com/watch?v=CyHfWxw4CRY\tFrank Cuesta - Santuario Libertad - Live\twas_live		
rkwH4Z8t4_U\tDespertando aqui....\thttps://www.youtube.com/watch?v=rkwH4Z8t4_U\tFrank Cuesta - Santuario Libertad - Live\twas_live		https://www.youtube.com/watch?v=rkwH4Z8t4_U\tDespertando aqui....\thttps://www.youtube.com/watch?v=rkwH4Z8t4_U\tFrank Cuesta - Santuario Libertad - Live\twas_live		
O233VVh1mBI\tEnfermos de ELA muriendo y Pedrito mintiendo...OTRA VEZ\thttps://www.youtube.com/watch?v=O233VVh1mBI\tFrank Cuesta - Santuario Libertad - Live\twas_live		https://www.youtube.com/watch?v=O233VVh1mBI\tEnfermos de ELA muriendo y Pedrito mintiendo...OTRA VEZ\thttps://www.youtube.com/watch?v=O233VVh1mBI\tFrank Cuesta - Santuario Libertad - Live\twas_live		
EjuRS6xbKIs\t7 horas en directo\thttps://www.youtube.com/watch?v=EjuRS6xbKIs\tFrank Cuesta - Santuario Libertad - Live\twas_live		https://www.youtube.com/watch?v=EjuRS6xbKIs\t7 horas en directo\thttps://www.youtube.com/watch?v=EjuRS6xbKIs\tFrank Cuesta - Santuario Libertad - Live\twas_live		
hVJw-9JJbik\tMartessssss 2\thttps://www.youtube.com/watch?v=hVJw-9JJbik\tFrank Cuesta - Santuario Libertad - Live\twas_live		https://www.youtube.com/watch?v=hVJw-9JJbik\tMartessssss 2\thttps://www.youtube.com/watch?v=hVJw-9JJbik\tFrank Cuesta - Santuario Libertad - Live\twas_live		
dyWNKbjML00\tMartessssss\thttps://www.youtube.com/watch?v=dyWNKbjML00\tFrank Cuesta - Santuario Libertad - Live\twas_live		https://www.youtube.com/watch?v=dyWNKbjML00\tMartessssss\thttps://www.youtube.com/watch?v=dyWNKbjML00\tFrank Cuesta - Santuario Libertad - Live\twas_live		
7q1Gby0EbOs\tEspaña!!! Pais lider en subnormales por metro cuadrado\thttps://www.youtube.com/watch?v=7q1Gby0EbOs\tFrank Cuesta - Santuario Libertad - Live\twas_live		https://www.youtube.com/watch?v=7q1Gby0EbOs\tEspaña!!! Pais lider en subnormales por metro cuadrado\thttps://www.youtube.com/watch?v=7q1Gby0EbOs\tFrank Cuesta - Santuario Libertad - Live\twas_live		
McN9VZryHW8\tYa es viernesssssssss\thttps://www.youtube.com/watch?v=McN9VZryHW8\tFrank Cuesta - Santuario Libertad - Live\twas_live		https://www.youtube.com/watch?v=McN9VZryHW8\tYa es viernesssssssss\thttps://www.youtube.com/watch?v=McN9VZryHW8\tFrank Cuesta - Santuario Libertad - Live\twas_live		
0lzrDXnYtVI\tEl miedo esta destrozando España!!! 3\thttps://www.youtube.com/watch?v=0lzrDXnYtVI\tFrank Cuesta - Santuario Libertad - Live\twas_live		https://www.youtube.com/watch?v=0lzrDXnYtVI\tEl miedo esta destrozando España!!! 3\thttps://www.youtube.com/watch?v=0lzrDXnYtVI\tFrank Cuesta - Santuario Libertad - Live\twas_live		
yfVxEMVnl6w\tYa es sabadooooooo\thttps://www.youtube.com/watch?v=yfVxEMVnl6w\tFrank Cuesta - Santuario Libertad - Live\twas_live		https://www.youtube.com/watch?v=yfVxEMVnl6w\tYa es sabadooooooo\thttps://www.youtube.com/watch?v=yfVxEMVnl6w\tFrank Cuesta - Santuario Libertad - Live\twas_live		
p1D3gxrLJ-M\tLos verdaderos influencers...\thttps://www.youtube.com/watch?v=p1D3gxrLJ-M\tFrank Cuesta - Santuario Libertad - Live\twas_live		https://www.youtube.com/watch?v=p1D3gxrLJ-M\tLos verdaderos influencers...\thttps://www.youtube.com/watch?v=p1D3gxrLJ-M\tFrank Cuesta - Santuario Libertad - Live\twas_live		
2zRfunALeuY\tYa es lunes\thttps://www.youtube.com/watch?v=2zRfunALeuY\tFrank Cuesta - Santuario Libertad - Live\twas_live		https://www.youtube.com/watch?v=2zRfunALeuY\tYa es lunes\thttps://www.youtube.com/watch?v=2zRfunALeuY\tFrank Cuesta - Santuario Libertad - Live\twas_live		
XV8GXckMcBo\tVeremos slow loris??\thttps://www.youtube.com/watch?v=XV8GXckMcBo\tFrank Cuesta - Santuario Libertad - Live\twas_live		https://www.youtube.com/watch?v=XV8GXckMcBo\tVeremos slow loris??\thttps://www.youtube.com/watch?v=XV8GXckMcBo\tFrank Cuesta - Santuario Libertad - Live\twas_live		
p9nV6BZSPvo\tDespertando\thttps://www.youtube.com/watch?v=p9nV6BZSPvo\tFrank Cuesta - Santuario Libertad - Live\twas_live		https://www.youtube.com/watch?v=p9nV6BZSPvo\tDespertando\thttps://www.youtube.com/watch?v=p9nV6BZSPvo\tFrank Cuesta - Santuario Libertad - Live\twas_live		
ltmu_AaaCPI\tAtardecer en el santuario\thttps://www.youtube.com/watch?v=ltmu_AaaCPI\tFrank Cuesta - Santuario Libertad - Live\twas_live		https://www.youtube.com/watch?v=ltmu_AaaCPI\tAtardecer en el santuario\thttps://www.youtube.com/watch?v=ltmu_AaaCPI\tFrank Cuesta - Santuario Libertad - Live\twas_live		
qdlgaHImGoU\tDe Iker Jimenez a Pablo motos y tiro porque me toca...\thttps://www.youtube.com/watch?v=qdlgaHImGoU\tFrank Cuesta - Santuario Libertad - Live\twas_live		https://www.youtube.com/watch?v=qdlgaHImGoU\tDe Iker Jimenez a Pablo motos y tiro porque me toca...\thttps://www.youtube.com/watch?v=qdlgaHImGoU\tFrank Cuesta - Santuario Libertad - Live\twas_live		
VZoONqf_h8Q\tunos a dormir y otros a despertar\thttps://www.youtube.com/watch?v=VZoONqf_h8Q\tFrank Cuesta - Santuario Libertad - Live\twas_live		https://www.youtube.com/watch?v=VZoONqf_h8Q\tunos a dormir y otros a despertar\thttps://www.youtube.com/watch?v=VZoONqf_h8Q\tFrank Cuesta - Santuario Libertad - Live\twas_live		
V_wSvguorEM\tLlegan bichines\thttps://www.youtube.com/watch?v=V_wSvguorEM\tFrank Cuesta - Santuario Libertad - Live\twas_live		https://www.youtube.com/watch?v=V_wSvguorEM\tLlegan bichines\thttps://www.youtube.com/watch?v=V_wSvguorEM\tFrank Cuesta - Santuario Libertad - Live\twas_live		
wPMOHWCc-Mc\tIker Jimenez...Ese periodista de mierd@\thttps://www.youtube.com/watch?v=wPMOHWCc-Mc\tFrank Cuesta - Santuario Libertad - Live\twas_live		https://www.youtube.com/watch?v=wPMOHWCc-Mc\tIker Jimenez...Ese periodista de mierd@\thttps://www.youtube.com/watch?v=wPMOHWCc-Mc\tFrank Cuesta - Santuario Libertad - Live\twas_live		
iGiaNfwAaTA\tSILENCIOOOO!!!!!!\thttps://www.youtube.com/watch?v=iGiaNfwAaTA\tFrank Cuesta - Santuario Libertad - Live\twas_live		https://www.youtube.com/watch?v=iGiaNfwAaTA\tSILENCIOOOO!!!!!!\thttps://www.youtube.com/watch?v=iGiaNfwAaTA\tFrank Cuesta - Santuario Libertad - Live\twas_live		
IP691O3qMuQ\tDomingo de paz\thttps://www.youtube.com/watch?v=IP691O3qMuQ\tFrank Cuesta - Santuario Libertad - Live\twas_live		https://www.youtube.com/watch?v=IP691O3qMuQ\tDomingo de paz\thttps://www.youtube.com/watch?v=IP691O3qMuQ\tFrank Cuesta - Santuario Libertad - Live\twas_live		
wlpN0cHSlKk\tEspaña...Buena gente VS hdp\thttps://www.youtube.com/watch?v=wlpN0cHSlKk\tFrank Cuesta - Santuario Libertad - Live\twas_live		https://www.youtube.com/watch?v=wlpN0cHSlKk\tEspaña...Buena gente VS hdp\thttps://www.youtube.com/watch?v=wlpN0cHSlKk\tFrank Cuesta - Santuario Libertad - Live\twas_live		
Ghnd2x6t4CE\tValencia y la juventud\thttps://www.youtube.com/watch?v=Ghnd2x6t4CE\tFrank Cuesta - Santuario Libertad - Live\twas_live		https://www.youtube.com/watch?v=Ghnd2x6t4CE\tValencia y la juventud\thttps://www.youtube.com/watch?v=Ghnd2x6t4CE\tFrank Cuesta - Santuario Libertad - Live\twas_live		
xswA4DuLM2I\tValencia (starts at 15:30)\thttps://www.youtube.com/watch?v=xswA4DuLM2I\tFrank Cuesta - Santuario Libertad - Live\twas_live		https://www.youtube.com/watch?v=xswA4DuLM2I\tValencia (starts at 15:30)\thttps://www.youtube.com/watch?v=xswA4DuLM2I\tFrank Cuesta - Santuario Libertad - Live\twas_live		
iy0bZlNaKeQ\tToma Jueves\thttps://www.youtube.com/watch?v=iy0bZlNaKeQ\tFrank Cuesta - Santuario Libertad - Live\twas_live		https://www.youtube.com/watch?v=iy0bZlNaKeQ\tToma Jueves\thttps://www.youtube.com/watch?v=iy0bZlNaKeQ\tFrank Cuesta - Santuario Libertad - Live\twas_live		
kZUjtSCWRuw\tToma Jueves\thttps://www.youtube.com/watch?v=kZUjtSCWRuw\tFrank Cuesta - Santuario Libertad - Live\twas_live		https://www.youtube.com/watch?v=kZUjtSCWRuw\tToma Jueves\thttps://www.youtube.com/watch?v=kZUjtSCWRuw\tFrank Cuesta - Santuario Libertad - Live\twas_live		
iWiY4MUdcUI\tEse Juevessssssssssss\thttps://www.youtube.com/watch?v=iWiY4MUdcUI\tFrank Cuesta - Santuario Libertad - Live\twas_live		https://www.youtube.com/watch?v=iWiY4MUdcUI\tEse Juevessssssssssss\thttps://www.youtube.com/watch?v=iWiY4MUdcUI\tFrank Cuesta - Santuario Libertad - Live\twas_live		
gF0s3VOJ_qo\tDomingo de lluvia\thttps://www.youtube.com/watch?v=gF0s3VOJ_qo\tFrank Cuesta - Santuario Libertad - Live\twas_live		https://www.youtube.com/watch?v=gF0s3VOJ_qo\tDomingo de lluvia\thttps://www.youtube.com/watch?v=gF0s3VOJ_qo\tFrank Cuesta - Santuario Libertad - Live\twas_live		
MzxuIVGtUTc\tMartesssssssss\thttps://www.youtube.com/watch?v=MzxuIVGtUTc\tFrank Cuesta - Santuario Libertad - Live\twas_live		https://www.youtube.com/watch?v=MzxuIVGtUTc\tMartesssssssss\thttps://www.youtube.com/watch?v=MzxuIVGtUTc\tFrank Cuesta - Santuario Libertad - Live\twas_live		
NUxQZBcOxUc\tDespertandooooo\thttps://www.youtube.com/watch?v=NUxQZBcOxUc\tFrank Cuesta - Santuario Libertad - Live\twas_live		https://www.youtube.com/watch?v=NUxQZBcOxUc\tDespertandooooo\thttps://www.youtube.com/watch?v=NUxQZBcOxUc\tFrank Cuesta - Santuario Libertad - Live\twas_live		
qt9ffN0WVZk\tSabadete\thttps://www.youtube.com/watch?v=qt9ffN0WVZk\tFrank Cuesta - Santuario Libertad - Live\twas_live		https://www.youtube.com/watch?v=qt9ffN0WVZk\tSabadete\thttps://www.youtube.com/watch?v=qt9ffN0WVZk\tFrank Cuesta - Santuario Libertad - Live\twas_live		
Ry8k7HsgRXc\tMiercoles de cenizos\thttps://www.youtube.com/watch?v=Ry8k7HsgRXc\tFrank Cuesta - Santuario Libertad - Live\twas_live		https://www.youtube.com/watch?v=Ry8k7HsgRXc\tMiercoles de cenizos\thttps://www.youtube.com/watch?v=Ry8k7HsgRXc\tFrank Cuesta - Santuario Libertad - Live\twas_live		
9GIygLXyjV0\tMartes de vuelta\thttps://www.youtube.com/watch?v=9GIygLXyjV0\tFrank Cuesta - Santuario Libertad - Live\twas_live		https://www.youtube.com/watch?v=9GIygLXyjV0\tMartes de vuelta\thttps://www.youtube.com/watch?v=9GIygLXyjV0\tFrank Cuesta - Santuario Libertad - Live\twas_live		
QQLn0cLx4Js\tPresentacion nuevo proyecto\thttps://www.youtube.com/watch?v=QQLn0cLx4Js\tFrank Cuesta - Santuario Libertad - Live\twas_live		https://www.youtube.com/watch?v=QQLn0cLx4Js\tPresentacion nuevo proyecto\thttps://www.youtube.com/watch?v=QQLn0cLx4Js\tFrank Cuesta - Santuario Libertad - Live\twas_live		
jtyMYpMcFUo\tDespertando el domingo\thttps://www.youtube.com/watch?v=jtyMYpMcFUo\tFrank Cuesta - Santuario Libertad - Live\twas_live		https://www.youtube.com/watch?v=jtyMYpMcFUo\tDespertando el domingo\thttps://www.youtube.com/watch?v=jtyMYpMcFUo\tFrank Cuesta - Santuario Libertad - Live\twas_live		
qVS3ynSkehU\tViernes noche\thttps://www.youtube.com/watch?v=qVS3ynSkehU\tFrank Cuesta - Santuario Libertad - Live\twas_live		https://www.youtube.com/watch?v=qVS3ynSkehU\tViernes noche\thttps://www.youtube.com/watch?v=qVS3ynSkehU\tFrank Cuesta - Santuario Libertad - Live\twas_live		
J-5sk2KjEAQ\tDirecto con Paloma\thttps://www.youtube.com/watch?v=J-5sk2KjEAQ\tFrank Cuesta - Santuario Libertad - Live\twas_live		https://www.youtube.com/watch?v=J-5sk2KjEAQ\tDirecto con Paloma\thttps://www.youtube.com/watch?v=J-5sk2KjEAQ\tFrank Cuesta - Santuario Libertad - Live\twas_live		
qELG4M2Q4Vw\tAmaneciendo el lunes\thttps://www.youtube.com/watch?v=qELG4M2Q4Vw\tFrank Cuesta - Santuario Libertad - Live\twas_live		https://www.youtube.com/watch?v=qELG4M2Q4Vw\tAmaneciendo el lunes\thttps://www.youtube.com/watch?v=qELG4M2Q4Vw\tFrank Cuesta - Santuario Libertad - Live\twas_live		
6rhEZZDGiE4\tEse Juevesssss\thttps://www.youtube.com/watch?v=6rhEZZDGiE4\tFrank Cuesta - Santuario Libertad - Live\twas_live		https://www.youtube.com/watch?v=6rhEZZDGiE4\tEse Juevesssss\thttps://www.youtube.com/watch?v=6rhEZZDGiE4\tFrank Cuesta - Santuario Libertad - Live\twas_live		
XDu4WlXonuI\tEse Juevesssss\thttps://www.youtube.com/watch?v=XDu4WlXonuI\tFrank Cuesta - Santuario Libertad - Live\twas_live		https://www.youtube.com/watch?v=XDu4WlXonuI\tEse Juevesssss\thttps://www.youtube.com/watch?v=XDu4WlXonuI\tFrank Cuesta - Santuario Libertad - Live\twas_live		
kRutcvB2Fpc\tEse martes\thttps://www.youtube.com/watch?v=kRutcvB2Fpc\tFrank Cuesta - Santuario Libertad - Live\twas_live		https://www.youtube.com/watch?v=kRutcvB2Fpc\tEse martes\thttps://www.youtube.com/watch?v=kRutcvB2Fpc\tFrank Cuesta - Santuario Libertad - Live\twas_live		
Nm-ervXG9zA\tDominguete\thttps://www.youtube.com/watch?v=Nm-ervXG9zA\tFrank Cuesta - Santuario Libertad - Live\twas_live		https://www.youtube.com/watch?v=Nm-ervXG9zA\tDominguete\thttps://www.youtube.com/watch?v=Nm-ervXG9zA\tFrank Cuesta - Santuario Libertad - Live\twas_live		
lJpL8omz4zU\tCharlando un rato\thttps://www.youtube.com/watch?v=lJpL8omz4zU\tFrank Cuesta - Santuario Libertad - Live\twas_live		https://www.youtube.com/watch?v=lJpL8omz4zU\tCharlando un rato\thttps://www.youtube.com/watch?v=lJpL8omz4zU\tFrank Cuesta - Santuario Libertad - Live\twas_live		
jk4WzPl-Xfk\tse viene lluvia\thttps://www.youtube.com/watch?v=jk4WzPl-Xfk\tFrank Cuesta - Santuario Libertad - Live\twas_live		https://www.youtube.com/watch?v=jk4WzPl-Xfk\tse viene lluvia\thttps://www.youtube.com/watch?v=jk4WzPl-Xfk\tFrank Cuesta - Santuario Libertad - Live\twas_live		
wSwIwTLSQ6c\tSabadete\thttps://www.youtube.com/watch?v=wSwIwTLSQ6c\tFrank Cuesta - Santuario Libertad - Live\twas_live		https://www.youtube.com/watch?v=wSwIwTLSQ6c\tSabadete\thttps://www.youtube.com/watch?v=wSwIwTLSQ6c\tFrank Cuesta - Santuario Libertad - Live\twas_live		
idjyc1qDFnI\tBUENOS DIAS DESDE EL SANTUARIO\thttps://www.youtube.com/watch?v=idjyc1qDFnI\tFrank Cuesta - Santuario Libertad - Live\twas_live		https://www.youtube.com/watch?v=idjyc1qDFnI\tBUENOS DIAS DESDE EL SANTUARIO\thttps://www.youtube.com/watch?v=idjyc1qDFnI\tFrank Cuesta - Santuario Libertad - Live\twas_live		
NxH0Ln-A6SE\tSabado en bkk\thttps://www.youtube.com/watch?v=NxH0Ln-A6SE\tFrank Cuesta - Santuario Libertad - Live\twas_live		https://www.youtube.com/watch?v=NxH0Ln-A6SE\tSabado en bkk\thttps://www.youtube.com/watch?v=NxH0Ln-A6SE\tFrank Cuesta - Santuario Libertad - Live\twas_live		
XOSCeVFagsg\tDespertando\thttps://www.youtube.com/watch?v=XOSCeVFagsg\tFrank Cuesta - Santuario Libertad - Live\twas_live		https://www.youtube.com/watch?v=XOSCeVFagsg\tDespertando\thttps://www.youtube.com/watch?v=XOSCeVFagsg\tFrank Cuesta - Santuario Libertad - Live\twas_live		
8YdOGMOUE0E\tPor fin puedo entrar en directo\thttps://www.youtube.com/watch?v=8YdOGMOUE0E\tFrank Cuesta - Santuario Libertad - Live\twas_live		https://www.youtube.com/watch?v=8YdOGMOUE0E\tPor fin puedo entrar en directo\thttps://www.youtube.com/watch?v=8YdOGMOUE0E\tFrank Cuesta - Santuario Libertad - Live\twas_live		
NGo74RzV74E\tsabadete\thttps://www.youtube.com/watch?v=NGo74RzV74E\tFrank Cuesta - Santuario Libertad - Live\twas_live		https://www.youtube.com/watch?v=NGo74RzV74E\tsabadete\thttps://www.youtube.com/watch?v=NGo74RzV74E\tFrank Cuesta - Santuario Libertad - Live\twas_live		
fCl9Xg5OWlk\tNo se ni que dia es\thttps://www.youtube.com/watch?v=fCl9Xg5OWlk\tFrank Cuesta - Santuario Libertad - Live\twas_live		https://www.youtube.com/watch?v=fCl9Xg5OWlk\tNo se ni que dia es\thttps://www.youtube.com/watch?v=fCl9Xg5OWlk\tFrank Cuesta - Santuario Libertad - Live\twas_live		
JNdUSYatdJc\tSabadete\thttps://www.youtube.com/watch?v=JNdUSYatdJc\tFrank Cuesta - Santuario Libertad - Live\twas_live		https://www.youtube.com/watch?v=JNdUSYatdJc\tSabadete\thttps://www.youtube.com/watch?v=JNdUSYatdJc\tFrank Cuesta - Santuario Libertad - Live\twas_live		
9a_Ot868A8Q\tMiercoles\thttps://www.youtube.com/watch?v=9a_Ot868A8Q\tFrank Cuesta - Santuario Libertad - Live\twas_live		https://www.youtube.com/watch?v=9a_Ot868A8Q\tMiercoles\thttps://www.youtube.com/watch?v=9a_Ot868A8Q\tFrank Cuesta - Santuario Libertad - Live\twas_live		
4m3RxxY1Ryo\tEse domingo en directooooo\thttps://www.youtube.com/watch?v=4m3RxxY1Ryo\tFrank Cuesta - Santuario Libertad - Live\twas_live		https://www.youtube.com/watch?v=4m3RxxY1Ryo\tEse domingo en directooooo\thttps://www.youtube.com/watch?v=4m3RxxY1Ryo\tFrank Cuesta - Santuario Libertad - Live\twas_live		
yEfOnNAZItI\tMiercolessssssssssssssss\thttps://www.youtube.com/watch?v=yEfOnNAZItI\tFrank Cuesta - Santuario Libertad - Live\twas_live		https://www.youtube.com/watch?v=yEfOnNAZItI\tMiercolessssssssssssssss\thttps://www.youtube.com/watch?v=yEfOnNAZItI\tFrank Cuesta - Santuario Libertad - Live\twas_live		
fVzb5tvidsQ\tEse lunessssss\thttps://www.youtube.com/watch?v=fVzb5tvidsQ\tFrank Cuesta - Santuario Libertad - Live\twas_live		https://www.youtube.com/watch?v=fVzb5tvidsQ\tEse lunessssss\thttps://www.youtube.com/watch?v=fVzb5tvidsQ\tFrank Cuesta - Santuario Libertad - Live\twas_live		
GvGS6uq4Ebw\tDominguete\thttps://www.youtube.com/watch?v=GvGS6uq4Ebw\tFrank Cuesta - Santuario Libertad - Live\twas_live		https://www.youtube.com/watch?v=GvGS6uq4Ebw\tDominguete\thttps://www.youtube.com/watch?v=GvGS6uq4Ebw\tFrank Cuesta - Santuario Libertad - Live\twas_live		
5oE0a_G-kKs\tJUEVESSSSSSSSSSSSSSSSSSSSSSS\thttps://www.youtube.com/watch?v=5oE0a_G-kKs\tFrank Cuesta - Santuario Libertad - Live\twas_live		https://www.youtube.com/watch?v=5oE0a_G-kKs\tJUEVESSSSSSSSSSSSSSSSSSSSSSS\thttps://www.youtube.com/watch?v=5oE0a_G-kKs\tFrank Cuesta - Santuario Libertad - Live\twas_live		
HWC08iuxvkg\tLunesito\thttps://www.youtube.com/watch?v=HWC08iuxvkg\tFrank Cuesta - Santuario Libertad - Live\twas_live		https://www.youtube.com/watch?v=HWC08iuxvkg\tLunesito\thttps://www.youtube.com/watch?v=HWC08iuxvkg\tFrank Cuesta - Santuario Libertad - Live\twas_live		
U7GwhnM_-WQ\tDominguete\thttps://www.youtube.com/watch?v=U7GwhnM_-WQ\tFrank Cuesta - Santuario Libertad - Live\twas_live		https://www.youtube.com/watch?v=U7GwhnM_-WQ\tDominguete\thttps://www.youtube.com/watch?v=U7GwhnM_-WQ\tFrank Cuesta - Santuario Libertad - Live\twas_live		
goyuzZgj18E\tDespertando el domingo\thttps://www.youtube.com/watch?v=goyuzZgj18E\tFrank Cuesta - Santuario Libertad - Live\twas_live		https://www.youtube.com/watch?v=goyuzZgj18E\tDespertando el domingo\thttps://www.youtube.com/watch?v=goyuzZgj18E\tFrank Cuesta - Santuario Libertad - Live\twas_live		
mYxl2_ndOJQ\tSabadete\thttps://www.youtube.com/watch?v=mYxl2_ndOJQ\tFrank Cuesta - Santuario Libertad - Live\twas_live		https://www.youtube.com/watch?v=mYxl2_ndOJQ\tSabadete\thttps://www.youtube.com/watch?v=mYxl2_ndOJQ\tFrank Cuesta - Santuario Libertad - Live\twas_live		
AoM5yGOLcbM\tJuevesitooooo\thttps://www.youtube.com/watch?v=AoM5yGOLcbM\tFrank Cuesta - Santuario Libertad - Live\twas_live		https://www.youtube.com/watch?v=AoM5yGOLcbM\tJuevesitooooo\thttps://www.youtube.com/watch?v=AoM5yGOLcbM\tFrank Cuesta - Santuario Libertad - Live\twas_live		
BnL9wQUxg2I\ttrio\thttps://www.youtube.com/watch?v=BnL9wQUxg2I\tFrank Cuesta - Santuario Libertad - Live\twas_live		https://www.youtube.com/watch?v=BnL9wQUxg2I\ttrio\thttps://www.youtube.com/watch?v=BnL9wQUxg2I\tFrank Cuesta - Santuario Libertad - Live\twas_live		
IdL-N7mRvWk\tDominguete\thttps://www.youtube.com/watch?v=IdL-N7mRvWk\tFrank Cuesta - Santuario Libertad - Live\twas_live		https://www.youtube.com/watch?v=IdL-N7mRvWk\tDominguete\thttps://www.youtube.com/watch?v=IdL-N7mRvWk\tFrank Cuesta - Santuario Libertad - Live\twas_live		
laQjWaOehgY\tViernes de vagos\thttps://www.youtube.com/watch?v=laQjWaOehgY\tFrank Cuesta - Santuario Libertad - Live\twas_live		https://www.youtube.com/watch?v=laQjWaOehgY\tViernes de vagos\thttps://www.youtube.com/watch?v=laQjWaOehgY\tFrank Cuesta - Santuario Libertad - Live\twas_live		
zEOQzfHRfKQ\tJueves de lluvia????  2\thttps://www.youtube.com/watch?v=zEOQzfHRfKQ\tFrank Cuesta - Santuario Libertad - Live\twas_live		https://www.youtube.com/watch?v=zEOQzfHRfKQ\tJueves de lluvia????  2\thttps://www.youtube.com/watch?v=zEOQzfHRfKQ\tFrank Cuesta - Santuario Libertad - Live\twas_live		
wZzXILHaRNs\tJueves de lluvia????\thttps://www.youtube.com/watch?v=wZzXILHaRNs\tFrank Cuesta - Santuario Libertad - Live\twas_live		https://www.youtube.com/watch?v=wZzXILHaRNs\tJueves de lluvia????\thttps://www.youtube.com/watch?v=wZzXILHaRNs\tFrank Cuesta - Santuario Libertad - Live\twas_live		
6GxBrtZtpCQ\tVAYA TORMENTON\thttps://www.youtube.com/watch?v=6GxBrtZtpCQ\tFrank Cuesta - Santuario Libertad - Live\twas_live		https://www.youtube.com/watch?v=6GxBrtZtpCQ\tVAYA TORMENTON\thttps://www.youtube.com/watch?v=6GxBrtZtpCQ\tFrank Cuesta - Santuario Libertad - Live\twas_live		
aDybFKxj2mg\tAmaneciendo\thttps://www.youtube.com/watch?v=aDybFKxj2mg\tFrank Cuesta - Santuario Libertad - Live\twas_live		https://www.youtube.com/watch?v=aDybFKxj2mg\tAmaneciendo\thttps://www.youtube.com/watch?v=aDybFKxj2mg\tFrank Cuesta - Santuario Libertad - Live\twas_live		
N37MK_Y_FXI\tDe vuelta\thttps://www.youtube.com/watch?v=N37MK_Y_FXI\tFrank Cuesta - Santuario Libertad - Live\twas_live		https://www.youtube.com/watch?v=N37MK_Y_FXI\tDe vuelta\thttps://www.youtube.com/watch?v=N37MK_Y_FXI\tFrank Cuesta - Santuario Libertad - Live\twas_live		
0NKKwOPKf_0\tAmasnece e;l lunes\thttps://www.youtube.com/watch?v=0NKKwOPKf_0\tFrank Cuesta - Santuario Libertad - Live\twas_live		https://www.youtube.com/watch?v=0NKKwOPKf_0\tAmasnece e;l lunes\thttps://www.youtube.com/watch?v=0NKKwOPKf_0\tFrank Cuesta - Santuario Libertad - Live\twas_live		
hQDnLfh-jyU\tAanecemosssssssss\thttps://www.youtube.com/watch?v=hQDnLfh-jyU\tFrank Cuesta - Santuario Libertad - Live\twas_live		https://www.youtube.com/watch?v=hQDnLfh-jyU\tAanecemosssssssss\thttps://www.youtube.com/watch?v=hQDnLfh-jyU\tFrank Cuesta - Santuario Libertad - Live\twas_live		
k9eIeVU7qy8\tViernesssssssssss\thttps://www.youtube.com/watch?v=k9eIeVU7qy8\tFrank Cuesta - Santuario Libertad - Live\twas_live		https://www.youtube.com/watch?v=k9eIeVU7qy8\tViernesssssssssss\thttps://www.youtube.com/watch?v=k9eIeVU7qy8\tFrank Cuesta - Santuario Libertad - Live\twas_live		
fhTEuZmS98c\tMiercolesssssssssssssss\thttps://www.youtube.com/watch?v=fhTEuZmS98c\tFrank Cuesta - Santuario Libertad - Live\twas_live		https://www.youtube.com/watch?v=fhTEuZmS98c\tMiercolesssssssssssssss\thttps://www.youtube.com/watch?v=fhTEuZmS98c\tFrank Cuesta - Santuario Libertad - Live\twas_live		
Pqs4b7fbJ6Q\tDominguete\thttps://www.youtube.com/watch?v=Pqs4b7fbJ6Q\tFrank Cuesta - Santuario Libertad - Live\twas_live		https://www.youtube.com/watch?v=Pqs4b7fbJ6Q\tDominguete\thttps://www.youtube.com/watch?v=Pqs4b7fbJ6Q\tFrank Cuesta - Santuario Libertad - Live\twas_live		
HiA9g2O6xlE\tHOLAAAAAAAAAA\thttps://www.youtube.com/watch?v=HiA9g2O6xlE\tFrank Cuesta - Santuario Libertad - Live\twas_live		https://www.youtube.com/watch?v=HiA9g2O6xlE\tHOLAAAAAAAAAA\thttps://www.youtube.com/watch?v=HiA9g2O6xlE\tFrank Cuesta - Santuario Libertad - Live\twas_live		
BYEP1acSuCA\tViernes en Tailandia\thttps://www.youtube.com/watch?v=BYEP1acSuCA\tFrank Cuesta - Santuario Libertad - Live\twas_live		https://www.youtube.com/watch?v=BYEP1acSuCA\tViernes en Tailandia\thttps://www.youtube.com/watch?v=BYEP1acSuCA\tFrank Cuesta - Santuario Libertad - Live\twas_live		
dUy3BgcONoM\tLUNESSSSSSSSSSSS\thttps://www.youtube.com/watch?v=dUy3BgcONoM\tFrank Cuesta - Santuario Libertad - Live\twas_live		https://www.youtube.com/watch?v=dUy3BgcONoM\tLUNESSSSSSSSSSSS\thttps://www.youtube.com/watch?v=dUy3BgcONoM\tFrank Cuesta - Santuario Libertad - Live\twas_live		
knoSDCH9rpI\tSabadete\thttps://www.youtube.com/watch?v=knoSDCH9rpI\tFrank Cuesta - Santuario Libertad - Live\twas_live		https://www.youtube.com/watch?v=knoSDCH9rpI\tSabadete\thttps://www.youtube.com/watch?v=knoSDCH9rpI\tFrank Cuesta - Santuario Libertad - Live\twas_live		
C8VSI8ZJdqM\t24 horas en directo (2)\thttps://www.youtube.com/watch?v=C8VSI8ZJdqM\tFrank Cuesta - Santuario Libertad - Live\twas_live		https://www.youtube.com/watch?v=C8VSI8ZJdqM\t24 horas en directo (2)\thttps://www.youtube.com/watch?v=C8VSI8ZJdqM\tFrank Cuesta - Santuario Libertad - Live\twas_live		
hNeow5qYyfY\t24 horas en directo\thttps://www.youtube.com/watch?v=hNeow5qYyfY\tFrank Cuesta - Santuario Libertad - Live\twas_live		https://www.youtube.com/watch?v=hNeow5qYyfY\t24 horas en directo\thttps://www.youtube.com/watch?v=hNeow5qYyfY\tFrank Cuesta - Santuario Libertad - Live\twas_live		
PT-ZN9_gj9c\tLunesssss\thttps://www.youtube.com/watch?v=PT-ZN9_gj9c\tFrank Cuesta - Santuario Libertad - Live\twas_live		https://www.youtube.com/watch?v=PT-ZN9_gj9c\tLunesssss\thttps://www.youtube.com/watch?v=PT-ZN9_gj9c\tFrank Cuesta - Santuario Libertad - Live\twas_live		
AbTs5IQWpsU\tEn directo los 3\thttps://www.youtube.com/watch?v=AbTs5IQWpsU\tFrank Cuesta - Santuario Libertad - Live\twas_live		https://www.youtube.com/watch?v=AbTs5IQWpsU\tEn directo los 3\thttps://www.youtube.com/watch?v=AbTs5IQWpsU\tFrank Cuesta - Santuario Libertad - Live\twas_live		
c-PCUAZ-SeE\tViernessssssssssssss\thttps://www.youtube.com/watch?v=c-PCUAZ-SeE\tFrank Cuesta - Santuario Libertad - Live\twas_live		https://www.youtube.com/watch?v=c-PCUAZ-SeE\tViernessssssssssssss\thttps://www.youtube.com/watch?v=c-PCUAZ-SeE\tFrank Cuesta - Santuario Libertad - Live\twas_live		
Xdsr0RdETIs\tYa es martessssss 2\thttps://www.youtube.com/watch?v=Xdsr0RdETIs\tFrank Cuesta - Santuario Libertad - Live\twas_live		https://www.youtube.com/watch?v=Xdsr0RdETIs\tYa es martessssss 2\thttps://www.youtube.com/watch?v=Xdsr0RdETIs\tFrank Cuesta - Santuario Libertad - Live\twas_live		
VUYnoAt655c\tYa es martessssss\thttps://www.youtube.com/watch?v=VUYnoAt655c\tFrank Cuesta - Santuario Libertad - Live\twas_live		https://www.youtube.com/watch?v=VUYnoAt655c\tYa es martessssss\thttps://www.youtube.com/watch?v=VUYnoAt655c\tFrank Cuesta - Santuario Libertad - Live\twas_live		
XFsay5fUmyc\tMiercoles de puto directo\thttps://www.youtube.com/watch?v=XFsay5fUmyc\tFrank Cuesta - Santuario Libertad - Live\twas_live		https://www.youtube.com/watch?v=XFsay5fUmyc\tMiercoles de puto directo\thttps://www.youtube.com/watch?v=XFsay5fUmyc\tFrank Cuesta - Santuario Libertad - Live\twas_live		
RthPxK-yKHc\tViernesssss\thttps://www.youtube.com/watch?v=RthPxK-yKHc\tFrank Cuesta - Santuario Libertad - Live\twas_live		https://www.youtube.com/watch?v=RthPxK-yKHc\tViernesssss\thttps://www.youtube.com/watch?v=RthPxK-yKHc\tFrank Cuesta - Santuario Libertad - Live\twas_live		
_Ku5ZowjCxA\t...\thttps://www.youtube.com/watch?v=_Ku5ZowjCxA\tFrank Cuesta - Santuario Libertad - Live\twas_live		https://www.youtube.com/watch?v=_Ku5ZowjCxA\t...\thttps://www.youtube.com/watch?v=_Ku5ZowjCxA\tFrank Cuesta - Santuario Libertad - Live\twas_live		
Sjho-Q7EVcU\tLunessssssssssssssssssss\thttps://www.youtube.com/watch?v=Sjho-Q7EVcU\tFrank Cuesta - Santuario Libertad - Live\twas_live		https://www.youtube.com/watch?v=Sjho-Q7EVcU\tLunessssssssssssssssssss\thttps://www.youtube.com/watch?v=Sjho-Q7EVcU\tFrank Cuesta - Santuario Libertad - Live\twas_live		
rA5kBfYlvMI\tYa es jueves 2\thttps://www.youtube.com/watch?v=rA5kBfYlvMI\tFrank Cuesta - Santuario Libertad - Live\twas_live		https://www.youtube.com/watch?v=rA5kBfYlvMI\tYa es jueves 2\thttps://www.youtube.com/watch?v=rA5kBfYlvMI\tFrank Cuesta - Santuario Libertad - Live\twas_live		
bQyJRfpBhi8\tvaya martes\thttps://www.youtube.com/watch?v=bQyJRfpBhi8\tFrank Cuesta - Santuario Libertad - Live\twas_live		https://www.youtube.com/watch?v=bQyJRfpBhi8\tvaya martes\thttps://www.youtube.com/watch?v=bQyJRfpBhi8\tFrank Cuesta - Santuario Libertad - Live\twas_live		
h6I-58kOB5s\tMartessssssssssssssssssssss\thttps://www.youtube.com/watch?v=h6I-58kOB5s\tFrank Cuesta - Santuario Libertad - Live\twas_live		https://www.youtube.com/watch?v=h6I-58kOB5s\tMartessssssssssssssssssssss\thttps://www.youtube.com/watch?v=h6I-58kOB5s\tFrank Cuesta - Santuario Libertad - Live\twas_live		
5Vlk69B8lbo\tDespertando el sabado\thttps://www.youtube.com/watch?v=5Vlk69B8lbo\tFrank Cuesta - Santuario Libertad - Live\twas_live		https://www.youtube.com/watch?v=5Vlk69B8lbo\tDespertando el sabado\thttps://www.youtube.com/watch?v=5Vlk69B8lbo\tFrank Cuesta - Santuario Libertad - Live\twas_live		
A0hVgme2NHI\t-Ese jueves de directooooo\thttps://www.youtube.com/watch?v=A0hVgme2NHI\tFrank Cuesta - Santuario Libertad - Live\twas_live		https://www.youtube.com/watch?v=A0hVgme2NHI\t-Ese jueves de directooooo\thttps://www.youtube.com/watch?v=A0hVgme2NHI\tFrank Cuesta - Santuario Libertad - Live\twas_live		
coZNE9n1AbU\tYa es marrtesssssssssssssssss\thttps://www.youtube.com/watch?v=coZNE9n1AbU\tFrank Cuesta - Santuario Libertad - Live\twas_live		https://www.youtube.com/watch?v=coZNE9n1AbU\tYa es marrtesssssssssssssssss\thttps://www.youtube.com/watch?v=coZNE9n1AbU\tFrank Cuesta - Santuario Libertad - Live\twas_live		
lOKJScMkX-c\tDespertandoi el domingo\thttps://www.youtube.com/watch?v=lOKJScMkX-c\tFrank Cuesta - Santuario Libertad - Live\twas_live		https://www.youtube.com/watch?v=lOKJScMkX-c\tDespertandoi el domingo\thttps://www.youtube.com/watch?v=lOKJScMkX-c\tFrank Cuesta - Santuario Libertad - Live\twas_live		
PpB005PewnA\tYa es viernessssss\thttps://www.youtube.com/watch?v=PpB005PewnA\tFrank Cuesta - Santuario Libertad - Live\twas_live		https://www.youtube.com/watch?v=PpB005PewnA\tYa es viernessssss\thttps://www.youtube.com/watch?v=PpB005PewnA\tFrank Cuesta - Santuario Libertad - Live\twas_live		
3BoSBlWOaeA\tlos 3\thttps://www.youtube.com/watch?v=3BoSBlWOaeA\tFrank Cuesta - Santuario Libertad - Live\twas_live		https://www.youtube.com/watch?v=3BoSBlWOaeA\tlos 3\thttps://www.youtube.com/watch?v=3BoSBlWOaeA\tFrank Cuesta - Santuario Libertad - Live\twas_live		
ObrXW38wh6c\tYa es viernessssss\thttps://www.youtube.com/watch?v=ObrXW38wh6c\tFrank Cuesta - Santuario Libertad - Live\twas_live		https://www.youtube.com/watch?v=ObrXW38wh6c\tYa es viernessssss\thttps://www.youtube.com/watch?v=ObrXW38wh6c\tFrank Cuesta - Santuario Libertad - Live\twas_live		
UiOXiFH-2ac\tPEDAZO DE PUESTA DE SOL!!!\thttps://www.youtube.com/watch?v=UiOXiFH-2ac\tFrank Cuesta - Santuario Libertad - Live\twas_live		https://www.youtube.com/watch?v=UiOXiFH-2ac\tPEDAZO DE PUESTA DE SOL!!!\thttps://www.youtube.com/watch?v=UiOXiFH-2ac\tFrank Cuesta - Santuario Libertad - Live\twas_live		
265gZhIiNM0\tYa es lunessssssssssssssss\thttps://www.youtube.com/watch?v=265gZhIiNM0\tFrank Cuesta - Santuario Libertad - Live\twas_live		https://www.youtube.com/watch?v=265gZhIiNM0\tYa es lunessssssssssssssss\thttps://www.youtube.com/watch?v=265gZhIiNM0\tFrank Cuesta - Santuario Libertad - Live\twas_live		
1o7iAZKi-14\tSabado sabadete\thttps://www.youtube.com/watch?v=1o7iAZKi-14\tFrank Cuesta - Santuario Libertad - Live\twas_live		https://www.youtube.com/watch?v=1o7iAZKi-14\tSabado sabadete\thttps://www.youtube.com/watch?v=1o7iAZKi-14\tFrank Cuesta - Santuario Libertad - Live\twas_live		
D9eTyzP0hMk\t24 HORAS EN DIRECTO (3)\thttps://www.youtube.com/watch?v=D9eTyzP0hMk\tFrank Cuesta - Santuario Libertad - Live\twas_live		https://www.youtube.com/watch?v=D9eTyzP0hMk\t24 HORAS EN DIRECTO (3)\thttps://www.youtube.com/watch?v=D9eTyzP0hMk\tFrank Cuesta - Santuario Libertad - Live\twas_live		
QtdREk_R8b0\t24 HORAS EN DIRECTO (2)\thttps://www.youtube.com/watch?v=QtdREk_R8b0\tFrank Cuesta - Santuario Libertad - Live\twas_live		https://www.youtube.com/watch?v=QtdREk_R8b0\t24 HORAS EN DIRECTO (2)\thttps://www.youtube.com/watch?v=QtdREk_R8b0\tFrank Cuesta - Santuario Libertad - Live\twas_live		
xQ3asV-jYkk\t24 HORAS EN DIRECTO\thttps://www.youtube.com/watch?v=xQ3asV-jYkk\tFrank Cuesta - Santuario Libertad - Live\twas_live		https://www.youtube.com/watch?v=xQ3asV-jYkk\t24 HORAS EN DIRECTO\thttps://www.youtube.com/watch?v=xQ3asV-jYkk\tFrank Cuesta - Santuario Libertad - Live\twas_live		
bSar87GtrtU\tDomingo de...sandia\thttps://www.youtube.com/watch?v=bSar87GtrtU\tFrank Cuesta - Santuario Libertad - Live\twas_live		https://www.youtube.com/watch?v=bSar87GtrtU\tDomingo de...sandia\thttps://www.youtube.com/watch?v=bSar87GtrtU\tFrank Cuesta - Santuario Libertad - Live\twas_live		
R0JjeAk54Nc\tYa es viernessssssssssssss\thttps://www.youtube.com/watch?v=R0JjeAk54Nc\tFrank Cuesta - Santuario Libertad - Live\twas_live		https://www.youtube.com/watch?v=R0JjeAk54Nc\tYa es viernessssssssssssss\thttps://www.youtube.com/watch?v=R0JjeAk54Nc\tFrank Cuesta - Santuario Libertad - Live\twas_live		
4o0qXoTLBAM\tDOMINGUETE\thttps://www.youtube.com/watch?v=4o0qXoTLBAM\tFrank Cuesta - Santuario Libertad - Live\twas_live		https://www.youtube.com/watch?v=4o0qXoTLBAM\tDOMINGUETE\thttps://www.youtube.com/watch?v=4o0qXoTLBAM\tFrank Cuesta - Santuario Libertad - Live\twas_live		
ET_PpdL9Iqs\tDespertando el miercoles\thttps://www.youtube.com/watch?v=ET_PpdL9Iqs\tFrank Cuesta - Santuario Libertad - Live\twas_live		https://www.youtube.com/watch?v=ET_PpdL9Iqs\tDespertando el miercoles\thttps://www.youtube.com/watch?v=ET_PpdL9Iqs\tFrank Cuesta - Santuario Libertad - Live\twas_live		
FwLaOawhbnk\tCon los zumbaos\thttps://www.youtube.com/watch?v=FwLaOawhbnk\tFrank Cuesta - Santuario Libertad - Live\twas_live		https://www.youtube.com/watch?v=FwLaOawhbnk\tCon los zumbaos\thttps://www.youtube.com/watch?v=FwLaOawhbnk\tFrank Cuesta - Santuario Libertad - Live\twas_live		
nLRhySjbloQ\tDespertando el lunes\thttps://www.youtube.com/watch?v=nLRhySjbloQ\tFrank Cuesta - Santuario Libertad - Live\twas_live		https://www.youtube.com/watch?v=nLRhySjbloQ\tDespertando el lunes\thttps://www.youtube.com/watch?v=nLRhySjbloQ\tFrank Cuesta - Santuario Libertad - Live\twas_live		
WMZWiKAPLHg\tSabadete 2\thttps://www.youtube.com/watch?v=WMZWiKAPLHg\tFrank Cuesta - Santuario Libertad - Live\twas_live		https://www.youtube.com/watch?v=WMZWiKAPLHg\tSabadete 2\thttps://www.youtube.com/watch?v=WMZWiKAPLHg\tFrank Cuesta - Santuario Libertad - Live\twas_live		
_XKTGywtZeQ\tSabadete\thttps://www.youtube.com/watch?v=_XKTGywtZeQ\tFrank Cuesta - Santuario Libertad - Live\twas_live		https://www.youtube.com/watch?v=_XKTGywtZeQ\tSabadete\thttps://www.youtube.com/watch?v=_XKTGywtZeQ\tFrank Cuesta - Santuario Libertad - Live\twas_live		
ZwmDNc1JcVQ\tAtardeciendo el domingo\thttps://www.youtube.com/watch?v=ZwmDNc1JcVQ\tFrank Cuesta - Santuario Libertad - Live\twas_live		https://www.youtube.com/watch?v=ZwmDNc1JcVQ\tAtardeciendo el domingo\thttps://www.youtube.com/watch?v=ZwmDNc1JcVQ\tFrank Cuesta - Santuario Libertad - Live\twas_live		
vSJBHcXizVc\tDespertando el Domingo\thttps://www.youtube.com/watch?v=vSJBHcXizVc\tFrank Cuesta - Santuario Libertad - Live\twas_live		https://www.youtube.com/watch?v=vSJBHcXizVc\tDespertando el Domingo\thttps://www.youtube.com/watch?v=vSJBHcXizVc\tFrank Cuesta - Santuario Libertad - Live\twas_live		
JRaybr4cuC8\tSlow Loris2\thttps://www.youtube.com/watch?v=JRaybr4cuC8\tFrank Cuesta - Santuario Libertad - Live\twas_live		https://www.youtube.com/watch?v=JRaybr4cuC8\tSlow Loris2\thttps://www.youtube.com/watch?v=JRaybr4cuC8\tFrank Cuesta - Santuario Libertad - Live\twas_live		
DTTqpZioa8M\tSlow Loris\thttps://www.youtube.com/watch?v=DTTqpZioa8M\tFrank Cuesta - Santuario Libertad - Live\twas_live		https://www.youtube.com/watch?v=DTTqpZioa8M\tSlow Loris\thttps://www.youtube.com/watch?v=DTTqpZioa8M\tFrank Cuesta - Santuario Libertad - Live\twas_live		
aK3p81IYxyQ\tLunessssssssss (2)\thttps://www.youtube.com/watch?v=aK3p81IYxyQ\tFrank Cuesta - Santuario Libertad - Live\twas_live		https://www.youtube.com/watch?v=aK3p81IYxyQ\tLunessssssssss (2)\thttps://www.youtube.com/watch?v=aK3p81IYxyQ\tFrank Cuesta - Santuario Libertad - Live\twas_live		
EH-C0WGT0Q0\tLunesssssssssssssss\thttps://www.youtube.com/watch?v=EH-C0WGT0Q0\tFrank Cuesta - Santuario Libertad - Live\twas_live		https://www.youtube.com/watch?v=EH-C0WGT0Q0\tLunesssssssssssssss\thttps://www.youtube.com/watch?v=EH-C0WGT0Q0\tFrank Cuesta - Santuario Libertad - Live\twas_live		
gn88Xv6Uj-Q\tViernessssssssss\thttps://www.youtube.com/watch?v=gn88Xv6Uj-Q\tFrank Cuesta - Santuario Libertad - Live\twas_live		https://www.youtube.com/watch?v=gn88Xv6Uj-Q\tViernessssssssss\thttps://www.youtube.com/watch?v=gn88Xv6Uj-Q\tFrank Cuesta - Santuario Libertad - Live\twas_live		
-2G5MDs8f0Q\tYa es juevesssssssssssssssssssss\thttps://www.youtube.com/watch?v=-2G5MDs8f0Q\tFrank Cuesta - Santuario Libertad - Live\twas_live		https://www.youtube.com/watch?v=-2G5MDs8f0Q\tYa es juevesssssssssssssssssssss\thttps://www.youtube.com/watch?v=-2G5MDs8f0Q\tFrank Cuesta - Santuario Libertad - Live\twas_live		
4V7D9TNJ8Cs\tFeliz dia de Reyes\thttps://www.youtube.com/watch?v=4V7D9TNJ8Cs\tFrank Cuesta - Santuario Libertad - Live\twas_live		https://www.youtube.com/watch?v=4V7D9TNJ8Cs\tFeliz dia de Reyes\thttps://www.youtube.com/watch?v=4V7D9TNJ8Cs\tFrank Cuesta - Santuario Libertad - Live\twas_live		
AmHvx0-f5Xs\tDe Charla\thttps://www.youtube.com/watch?v=AmHvx0-f5Xs\tFrank Cuesta - Santuario Libertad - Live\twas_live		https://www.youtube.com/watch?v=AmHvx0-f5Xs\tDe Charla\thttps://www.youtube.com/watch?v=AmHvx0-f5Xs\tFrank Cuesta - Santuario Libertad - Live\twas_live		
GmUqgKPpNN0\tLimpieza en el santuario\thttps://www.youtube.com/watch?v=GmUqgKPpNN0\tFrank Cuesta - Santuario Libertad - Live\twas_live		https://www.youtube.com/watch?v=GmUqgKPpNN0\tLimpieza en el santuario\thttps://www.youtube.com/watch?v=GmUqgKPpNN0\tFrank Cuesta - Santuario Libertad - Live\twas_live		
KCYbH8alRYg\tTeam puercoespin\thttps://www.youtube.com/watch?v=KCYbH8alRYg\tFrank Cuesta - Santuario Libertad - Live\twas_live		https://www.youtube.com/watch?v=KCYbH8alRYg\tTeam puercoespin\thttps://www.youtube.com/watch?v=KCYbH8alRYg\tFrank Cuesta - Santuario Libertad - Live\twas_live		
ZDsFKphpopk\tPrimer directo 2024\thttps://www.youtube.com/watch?v=ZDsFKphpopk\tFrank Cuesta - Santuario Libertad - Live\twas_live		https://www.youtube.com/watch?v=ZDsFKphpopk\tPrimer directo 2024\thttps://www.youtube.com/watch?v=ZDsFKphpopk\tFrank Cuesta - Santuario Libertad - Live\twas_live		
mgz4moJV2fU\tEn directo  Feliz año nuevo\thttps://www.youtube.com/watch?v=mgz4moJV2fU\tFrank Cuesta - Santuario Libertad - Live\twas_live		https://www.youtube.com/watch?v=mgz4moJV2fU\tEn directo  Feliz año nuevo\thttps://www.youtube.com/watch?v=mgz4moJV2fU\tFrank Cuesta - Santuario Libertad - Live\twas_live		
ffqTR2xUmyM\tDirectazo\thttps://www.youtube.com/watch?v=ffqTR2xUmyM\tFrank Cuesta - Santuario Libertad - Live\twas_live		https://www.youtube.com/watch?v=ffqTR2xUmyM\tDirectazo\thttps://www.youtube.com/watch?v=ffqTR2xUmyM\tFrank Cuesta - Santuario Libertad - Live\twas_live		
e9_WMGSxxPU\tDia de los inocentes\thttps://www.youtube.com/watch?v=e9_WMGSxxPU\tFrank Cuesta - Santuario Libertad - Live\twas_live		https://www.youtube.com/watch?v=e9_WMGSxxPU\tDia de los inocentes\thttps://www.youtube.com/watch?v=e9_WMGSxxPU\tFrank Cuesta - Santuario Libertad - Live\twas_live		
wGFWaCFf4zc\tMartes despertando\thttps://www.youtube.com/watch?v=wGFWaCFf4zc\tFrank Cuesta - Santuario Libertad - Live\twas_live		https://www.youtube.com/watch?v=wGFWaCFf4zc\tMartes despertando\thttps://www.youtube.com/watch?v=wGFWaCFf4zc\tFrank Cuesta - Santuario Libertad - Live\twas_live		
vjz8cob-rwY\tVamos a ver animales por la noche (2) :-)\thttps://www.youtube.com/watch?v=vjz8cob-rwY\tFrank Cuesta - Santuario Libertad - Live\twas_live		https://www.youtube.com/watch?v=vjz8cob-rwY\tVamos a ver animales por la noche (2) :-)\thttps://www.youtube.com/watch?v=vjz8cob-rwY\tFrank Cuesta - Santuario Libertad - Live\twas_live		
9-zw34lwjH4\tVamos a ver animales por la noche :-)\thttps://www.youtube.com/watch?v=9-zw34lwjH4\tFrank Cuesta - Santuario Libertad - Live\twas_live		https://www.youtube.com/watch?v=9-zw34lwjH4\tVamos a ver animales por la noche :-)\thttps://www.youtube.com/watch?v=9-zw34lwjH4\tFrank Cuesta - Santuario Libertad - Live\twas_live		
1EdFrhn4Us0\tEn directo desde el refugio y el santuario\thttps://www.youtube.com/watch?v=1EdFrhn4Us0\tFrank Cuesta - Santuario Libertad - Live\twas_live		https://www.youtube.com/watch?v=1EdFrhn4Us0\tEn directo desde el refugio y el santuario\thttps://www.youtube.com/watch?v=1EdFrhn4Us0\tFrank Cuesta - Santuario Libertad - Live\twas_live		
fKnviXNY0kU\tHoy termino la preparacion del junglewalk\thttps://www.youtube.com/watch?v=fKnviXNY0kU\tFrank Cuesta - Santuario Libertad - Live\twas_live		https://www.youtube.com/watch?v=fKnviXNY0kU\tHoy termino la preparacion del junglewalk\thttps://www.youtube.com/watch?v=fKnviXNY0kU\tFrank Cuesta - Santuario Libertad - Live\twas_live		
3Zt5GMHRUvA\tJuevesete\thttps://www.youtube.com/watch?v=3Zt5GMHRUvA\tFrank Cuesta - Santuario Libertad - Live\twas_live		https://www.youtube.com/watch?v=3Zt5GMHRUvA\tJuevesete\thttps://www.youtube.com/watch?v=3Zt5GMHRUvA\tFrank Cuesta - Santuario Libertad - Live\twas_live		
t1j7UOSKfHQ\tMartes ahostiao\thttps://www.youtube.com/watch?v=t1j7UOSKfHQ\tFrank Cuesta - Santuario Libertad - Live\twas_live		https://www.youtube.com/watch?v=t1j7UOSKfHQ\tMartes ahostiao\thttps://www.youtube.com/watch?v=t1j7UOSKfHQ\tFrank Cuesta - Santuario Libertad - Live\twas_live		
