0F3s3c7Y_84\tEsta botella es m√°gica?\thttps://www.youtube.com/shorts/0F3s3c7Y_84\tDalas Review - Shorts\tNA		https://www.youtube.com/watch?v=0F3s3c7Y_84\tEsta botella es m√°gica?\thttps://www.youtube.com/shorts/0F3s3c7Y_84\tDalas Review - Shorts\tNA		
KGcayoqRz8w\tLos "uyyy qu√© rabia" üò§üò° #dalasreview #germangarmendia\thttps://www.youtube.com/shorts/KGcayoqRz8w\tDalas Review - Shorts\tNA		https://www.youtube.com/watch?v=KGcayoqRz8w\tLos "uyyy qu√© rabia" üò§üò° #dalasreview #germangarmendia\thttps://www.youtube.com/shorts/KGcayoqRz8w\tDalas Review - Shorts\tNA		
EtD7jRRmBIY\tHay que saber dejar ir #dalasreview #relaciones #pareja #consejos #auronplay #grefg #auron\thttps://www.youtube.com/shorts/EtD7jRRmBIY\tDalas Review - Shorts\tNA		https://www.youtube.com/watch?v=EtD7jRRmBIY\tHay que saber dejar ir #dalasreview #relaciones #pareja #consejos #auronplay #grefg #auron\thttps://www.youtube.com/shorts/EtD7jRRmBIY\tDalas Review - Shorts\tNA		
FBrwlwIJuec\tNecesitas dejar la pareja urgente #dalasreview #pareja #novios #relaciones #auronplay #grefg #auron\thttps://www.youtube.com/shorts/FBrwlwIJuec\tDalas Review - Shorts\tNA		https://www.youtube.com/watch?v=FBrwlwIJuec\tNecesitas dejar la pareja urgente #dalasreview #pareja #novios #relaciones #auronplay #grefg #auron\thttps://www.youtube.com/shorts/FBrwlwIJuec\tDalas Review - Shorts\tNA		
QlltosOOAnE\tAs√≠ son las personas manipuladoras üö© #dalasreview #consejos #auronplay #grefg #auron\thttps://www.youtube.com/shorts/QlltosOOAnE\tDalas Review - Shorts\tNA		https://www.youtube.com/watch?v=QlltosOOAnE\tAs√≠ son las personas manipuladoras üö© #dalasreview #consejos #auronplay #grefg #auron\thttps://www.youtube.com/shorts/QlltosOOAnE\tDalas Review - Shorts\tNA		
yypiTIkgehQ\tUna enorme red flag üö© #dalasreview #relaciones #novios #pareja\thttps://www.youtube.com/shorts/yypiTIkgehQ\tDalas Review - Shorts\tNA		https://www.youtube.com/watch?v=yypiTIkgehQ\tUna enorme red flag üö© #dalasreview #relaciones #novios #pareja\thttps://www.youtube.com/shorts/yypiTIkgehQ\tDalas Review - Shorts\tNA		
TpYsEzrrMB4\tEl perro de Auron Play y Gemita d√≥nde est√°? #auron #auronplay #gemita #dalasreview\thttps://www.youtube.com/shorts/TpYsEzrrMB4\tDalas Review - Shorts\tNA		https://www.youtube.com/watch?v=TpYsEzrrMB4\tEl perro de Auron Play y Gemita d√≥nde est√°? #auron #auronplay #gemita #dalasreview\thttps://www.youtube.com/shorts/TpYsEzrrMB4\tDalas Review - Shorts\tNA		
hShCAUqYu6Y\tHackearon Xbox y ganaron Millones #dalasreview #xbox #hacker\thttps://www.youtube.com/shorts/hShCAUqYu6Y\tDalas Review - Shorts\tNA		https://www.youtube.com/watch?v=hShCAUqYu6Y\tHackearon Xbox y ganaron Millones #dalasreview #xbox #hacker\thttps://www.youtube.com/shorts/hShCAUqYu6Y\tDalas Review - Shorts\tNA		
_IE5z0uVG2o\tNaim Darrechi hace a Dalas Review que se desinfle #dalasreview #humor\thttps://www.youtube.com/shorts/_IE5z0uVG2o\tDalas Review - Shorts\tNA		https://www.youtube.com/watch?v=_IE5z0uVG2o\tNaim Darrechi hace a Dalas Review que se desinfle #dalasreview #humor\thttps://www.youtube.com/shorts/_IE5z0uVG2o\tDalas Review - Shorts\tNA		
m8xE2Mjr7gg\tGrefg d√°ndose cuenta de que Gemita le hizo a √©l con Coscu lo q √©l a Juan Guarnizo con Ari Gameplays\thttps://www.youtube.com/shorts/m8xE2Mjr7gg\tDalas Review - Shorts\tNA		https://www.youtube.com/watch?v=m8xE2Mjr7gg\tGrefg d√°ndose cuenta de que Gemita le hizo a √©l con Coscu lo q √©l a Juan Guarnizo con Ari Gameplays\thttps://www.youtube.com/shorts/m8xE2Mjr7gg\tDalas Review - Shorts\tNA		
DDOfMMvB9Lw\tGemita culpa a Auron de las infidelidades DE ELLA ü§£ V√≠deo completo linkeado! #dalasreview #chisme\thttps://www.youtube.com/shorts/DDOfMMvB9Lw\tDalas Review - Shorts\tNA		https://www.youtube.com/watch?v=DDOfMMvB9Lw\tGemita culpa a Auron de las infidelidades DE ELLA ü§£ V√≠deo completo linkeado! #dalasreview #chisme\thttps://www.youtube.com/shorts/DDOfMMvB9Lw\tDalas Review - Shorts\tNA		
Pw9sXFHPEk8\tme lo reservo #humor #debate #dalas #dalasreview\thttps://www.youtube.com/shorts/Pw9sXFHPEk8\tDalas Review - Shorts\tNA		https://www.youtube.com/watch?v=Pw9sXFHPEk8\tme lo reservo #humor #debate #dalas #dalasreview\thttps://www.youtube.com/shorts/Pw9sXFHPEk8\tDalas Review - Shorts\tNA		
3_bN8oi1rDo\tTodos los hijos merecen padres, pero no todos los padres merecen hijos\thttps://www.youtube.com/shorts/3_bN8oi1rDo\tDalas Review - Shorts\tNA		https://www.youtube.com/watch?v=3_bN8oi1rDo\tTodos los hijos merecen padres, pero no todos los padres merecen hijos\thttps://www.youtube.com/shorts/3_bN8oi1rDo\tDalas Review - Shorts\tNA		
TI1Yqcf07gs\tDebate COMPLETO ya en DalasReview, con Yeri Mua, Naim Darrechi, Aaron Mercury y Brian Paponas JUNTOS\thttps://www.youtube.com/shorts/TI1Yqcf07gs\tDalas Review - Shorts\tNA		https://www.youtube.com/watch?v=TI1Yqcf07gs\tDebate COMPLETO ya en DalasReview, con Yeri Mua, Naim Darrechi, Aaron Mercury y Brian Paponas JUNTOS\thttps://www.youtube.com/shorts/TI1Yqcf07gs\tDalas Review - Shorts\tNA		
HQvU_sdcV8I\tMA√ëANA el debate completo en el canal, PREP√ÅRENSE ü§£ Dalas Review\thttps://www.youtube.com/shorts/HQvU_sdcV8I\tDalas Review - Shorts\tNA		https://www.youtube.com/watch?v=HQvU_sdcV8I\tMA√ëANA el debate completo en el canal, PREP√ÅRENSE ü§£ Dalas Review\thttps://www.youtube.com/shorts/HQvU_sdcV8I\tDalas Review - Shorts\tNA		
